-- phpMyAdmin SQL Dump
-- version 4.9.2
-- https://www.phpmyadmin.net/
--
-- Host: 127.0.0.1:3306
-- Generation Time: Sep 24, 2021 at 06:33 AM
-- Server version: 10.4.10-MariaDB
-- PHP Version: 7.2.25

SET SQL_MODE = "NO_AUTO_VALUE_ON_ZERO";
SET AUTOCOMMIT = 0;
START TRANSACTION;
SET time_zone = "+00:00";


/*!40101 SET @OLD_CHARACTER_SET_CLIENT=@@CHARACTER_SET_CLIENT */;
/*!40101 SET @OLD_CHARACTER_SET_RESULTS=@@CHARACTER_SET_RESULTS */;
/*!40101 SET @OLD_COLLATION_CONNECTION=@@COLLATION_CONNECTION */;
/*!40101 SET NAMES utf8mb4 */;

--
-- Database: `creative_syntax_ole`
--

-- --------------------------------------------------------

--
-- Table structure for table `exam_master`
--

DROP TABLE IF EXISTS `exam_master`;
CREATE TABLE IF NOT EXISTS `exam_master` (
  `id` int(11) NOT NULL AUTO_INCREMENT,
  `exam_token` varchar(100) DEFAULT NULL,
  `candidate_id` int(11) NOT NULL DEFAULT 0,
  `subject_id` int(11) NOT NULL DEFAULT 0,
  `total_question` int(11) NOT NULL DEFAULT 0,
  `total_time` varchar(100) DEFAULT NULL,
  `each_marks` int(11) NOT NULL DEFAULT 0,
  `marks_obtain` int(11) NOT NULL DEFAULT 0,
  `grade_obtain` varchar(30) DEFAULT NULL,
  `attempts` varchar(100) DEFAULT NULL,
  `exam_link_id` int(11) NOT NULL DEFAULT 0,
  `created_at` timestamp NOT NULL DEFAULT current_timestamp(),
  `updated_at` timestamp NULL DEFAULT NULL,
  PRIMARY KEY (`id`)
) ENGINE=InnoDB AUTO_INCREMENT=57 DEFAULT CHARSET=utf8;

--
-- Dumping data for table `exam_master`
--

INSERT INTO `exam_master` (`id`, `exam_token`, `candidate_id`, `subject_id`, `total_question`, `total_time`, `each_marks`, `marks_obtain`, `grade_obtain`, `attempts`, `exam_link_id`, `created_at`, `updated_at`) VALUES
(51, '9172ebce7f78f29e565a2209806a20b0', 3880, 42, 1, '30', 1, 0, 'F', '1', 0, '2020-06-28 14:36:42', '2020-06-28 14:36:42'),
(52, 'f864edf3d417a48221854c5e28f314bb', 3880, 42, 1, '30', 1, 0, 'F', '1', 0, '2020-06-28 14:38:02', '2020-06-28 14:38:02'),
(53, '76f48c552b5577fd9e0654668aff702a', 3880, 42, 1, '30', 1, 0, 'F', '1', 0, '2020-06-28 14:39:00', '2020-06-28 14:39:00'),
(54, '0e3e8031a9cd40f6128dfc61c8ceccb1', 3880, 42, 1, '30', 1, 0, 'F', '1', 0, '2020-06-28 14:40:11', '2020-06-28 14:40:11'),
(55, '9d0e2c4ce26733f7257a36f0eeb283bc', 3880, 42, 1, '30', 1, 0, 'F', '1', 0, '2020-06-28 14:41:21', '2020-06-28 14:41:21'),
(56, '0ed1d2d355ee0c50ada65cd87e7ab8ac', 3880, 42, 1, '30', 1, 0, 'F', '1', 0, '2020-06-28 14:42:27', '2020-06-28 14:42:27');

-- --------------------------------------------------------

--
-- Table structure for table `exam_questions`
--

DROP TABLE IF EXISTS `exam_questions`;
CREATE TABLE IF NOT EXISTS `exam_questions` (
  `id` int(11) NOT NULL AUTO_INCREMENT,
  `exam_token` varchar(100) DEFAULT NULL,
  `question_id` int(11) NOT NULL DEFAULT 0,
  `candidate_answer` varchar(100) DEFAULT NULL,
  `candidate_answer_status` tinyint(4) NOT NULL DEFAULT 0,
  `created_at` timestamp NOT NULL DEFAULT current_timestamp(),
  `updated_at` timestamp NULL DEFAULT NULL,
  PRIMARY KEY (`id`)
) ENGINE=InnoDB AUTO_INCREMENT=650 DEFAULT CHARSET=utf8;

--
-- Dumping data for table `exam_questions`
--

INSERT INTO `exam_questions` (`id`, `exam_token`, `question_id`, `candidate_answer`, `candidate_answer_status`, `created_at`, `updated_at`) VALUES
(1, '903ac351979292bef97e5f8c688dd595', 14, '3', 0, '2020-06-24 13:21:26', NULL),
(2, '903ac351979292bef97e5f8c688dd595', 12, '3', 0, '2020-06-24 13:21:26', NULL),
(3, '903ac351979292bef97e5f8c688dd595', 8, '3', 0, '2020-06-24 13:21:26', NULL),
(4, '903ac351979292bef97e5f8c688dd595', 23, '3', 0, '2020-06-24 13:21:26', NULL),
(5, '903ac351979292bef97e5f8c688dd595', 20, '3', 0, '2020-06-24 13:21:26', NULL),
(6, '903ac351979292bef97e5f8c688dd595', 16, '2', 0, '2020-06-24 13:21:26', NULL),
(7, '903ac351979292bef97e5f8c688dd595', 30, '3', 0, '2020-06-24 13:21:26', NULL),
(8, '903ac351979292bef97e5f8c688dd595', 19, '3', 0, '2020-06-24 13:21:26', NULL),
(9, '903ac351979292bef97e5f8c688dd595', 29, '2', 0, '2020-06-24 13:21:26', NULL),
(10, '903ac351979292bef97e5f8c688dd595', 15, '4', 0, '2020-06-24 13:21:26', NULL),
(11, '903ac351979292bef97e5f8c688dd595', 6, '3', 0, '2020-06-24 13:21:26', NULL),
(12, '89f664d6e9b9c9c7b46643b737dd8e8f', 3, '3', 0, '2020-06-24 15:00:54', NULL),
(13, '89f664d6e9b9c9c7b46643b737dd8e8f', 11, '3', 0, '2020-06-24 15:00:54', NULL),
(14, '89f664d6e9b9c9c7b46643b737dd8e8f', 10, '3', 0, '2020-06-24 15:00:54', NULL),
(15, '89f664d6e9b9c9c7b46643b737dd8e8f', 29, '3', 1, '2020-06-24 15:00:54', NULL),
(16, '1a22aa4026a6e62fd0cbf7e1963abc32', 26, '1', 1, '2020-06-26 07:07:09', NULL),
(17, '1a22aa4026a6e62fd0cbf7e1963abc32', 21, '3', 0, '2020-06-26 07:07:09', NULL),
(18, '1a22aa4026a6e62fd0cbf7e1963abc32', 23, '3', 0, '2020-06-26 07:07:09', NULL),
(19, '1a22aa4026a6e62fd0cbf7e1963abc32', 25, '3', 0, '2020-06-26 07:07:09', NULL),
(20, '1a22aa4026a6e62fd0cbf7e1963abc32', 14, '3', 0, '2020-06-26 07:07:09', NULL),
(21, '9c755e3a476bb2ab58d81088550253b7', 29, '3', 1, '2020-06-27 18:45:46', NULL),
(22, '9c755e3a476bb2ab58d81088550253b7', 11, '3', 0, '2020-06-27 18:45:46', NULL),
(23, '9c755e3a476bb2ab58d81088550253b7', 13, '3', 0, '2020-06-27 18:45:46', NULL),
(24, '9c755e3a476bb2ab58d81088550253b7', 14, '3', 0, '2020-06-27 18:45:46', NULL),
(25, '9c755e3a476bb2ab58d81088550253b7', 27, '3', 0, '2020-06-27 18:45:46', NULL),
(26, '9c755e3a476bb2ab58d81088550253b7', 23, '1', 1, '2020-06-27 18:45:46', NULL),
(27, '9c755e3a476bb2ab58d81088550253b7', 2, '3', 0, '2020-06-27 18:45:46', NULL),
(28, '9c755e3a476bb2ab58d81088550253b7', 15, '1', 1, '2020-06-27 18:45:46', NULL),
(29, '9c755e3a476bb2ab58d81088550253b7', 7, '3', 0, '2020-06-27 18:45:46', NULL),
(30, '9c755e3a476bb2ab58d81088550253b7', 5, '1', 0, '2020-06-27 18:45:46', NULL),
(31, '9c755e3a476bb2ab58d81088550253b7', 19, '1', 0, '2020-06-27 18:45:46', NULL),
(32, '9c755e3a476bb2ab58d81088550253b7', 26, '3', 0, '2020-06-27 18:45:46', NULL),
(33, '9c755e3a476bb2ab58d81088550253b7', 6, '1', 0, '2020-06-27 18:45:46', NULL),
(34, '9c755e3a476bb2ab58d81088550253b7', 18, '3', 0, '2020-06-27 18:45:46', NULL),
(35, '9c755e3a476bb2ab58d81088550253b7', 12, '1', 0, '2020-06-27 18:45:46', NULL),
(36, '9c755e3a476bb2ab58d81088550253b7', 28, '1', 0, '2020-06-27 18:45:46', NULL),
(37, '9c755e3a476bb2ab58d81088550253b7', 3, '3', 0, '2020-06-27 18:45:46', NULL),
(38, '9c755e3a476bb2ab58d81088550253b7', 25, '1', 0, '2020-06-27 18:45:46', NULL),
(39, '9c755e3a476bb2ab58d81088550253b7', 10, '3', 0, '2020-06-27 18:45:46', NULL),
(40, '9c755e3a476bb2ab58d81088550253b7', 9, '3', 0, '2020-06-27 18:45:46', NULL),
(41, '9c755e3a476bb2ab58d81088550253b7', 30, '1', 1, '2020-06-27 18:45:46', NULL),
(42, '9c755e3a476bb2ab58d81088550253b7', 16, '3', 0, '2020-06-27 18:45:46', NULL),
(43, '9c755e3a476bb2ab58d81088550253b7', 1, '3', 0, '2020-06-27 18:45:46', NULL),
(44, '9c755e3a476bb2ab58d81088550253b7', 24, '1', 0, '2020-06-27 18:45:46', NULL),
(45, '9c755e3a476bb2ab58d81088550253b7', 8, '3', 0, '2020-06-27 18:45:46', NULL),
(46, '9c755e3a476bb2ab58d81088550253b7', 21, '1', 0, '2020-06-27 18:45:46', NULL),
(47, '9c755e3a476bb2ab58d81088550253b7', 17, '3', 0, '2020-06-27 18:45:46', NULL),
(48, '9c755e3a476bb2ab58d81088550253b7', 4, '3', 0, '2020-06-27 18:45:46', NULL),
(49, '9c755e3a476bb2ab58d81088550253b7', 22, '1', 1, '2020-06-27 18:45:46', NULL),
(50, '09ddcff6b61dc3d4c6cf54f9f3d6721c', 8, '1', 1, '2020-06-27 19:11:16', NULL),
(51, '09ddcff6b61dc3d4c6cf54f9f3d6721c', 22, '3', 0, '2020-06-27 19:11:16', NULL),
(52, '09ddcff6b61dc3d4c6cf54f9f3d6721c', 28, '1', 0, '2020-06-27 19:11:16', NULL),
(53, '09ddcff6b61dc3d4c6cf54f9f3d6721c', 17, '3', 0, '2020-06-27 19:11:16', NULL),
(54, '09ddcff6b61dc3d4c6cf54f9f3d6721c', 18, '1', 1, '2020-06-27 19:11:16', NULL),
(55, '09ddcff6b61dc3d4c6cf54f9f3d6721c', 23, '3', 0, '2020-06-27 19:11:16', NULL),
(56, '09ddcff6b61dc3d4c6cf54f9f3d6721c', 19, '1', 0, '2020-06-27 19:11:16', NULL),
(57, '09ddcff6b61dc3d4c6cf54f9f3d6721c', 7, '3', 0, '2020-06-27 19:11:16', NULL),
(58, '09ddcff6b61dc3d4c6cf54f9f3d6721c', 3, '1', 0, '2020-06-27 19:11:16', NULL),
(59, '09ddcff6b61dc3d4c6cf54f9f3d6721c', 21, '3', 0, '2020-06-27 19:11:16', NULL),
(60, '09ddcff6b61dc3d4c6cf54f9f3d6721c', 4, '3', 0, '2020-06-27 19:11:16', NULL),
(61, '09ddcff6b61dc3d4c6cf54f9f3d6721c', 9, '1', 1, '2020-06-27 19:11:16', NULL),
(62, '09ddcff6b61dc3d4c6cf54f9f3d6721c', 12, '3', 0, '2020-06-27 19:11:16', NULL),
(63, '09ddcff6b61dc3d4c6cf54f9f3d6721c', 20, '1', 0, '2020-06-27 19:11:16', NULL),
(64, '09ddcff6b61dc3d4c6cf54f9f3d6721c', 26, '3', 0, '2020-06-27 19:11:16', NULL),
(65, '09ddcff6b61dc3d4c6cf54f9f3d6721c', 14, '1', 0, '2020-06-27 19:11:16', NULL),
(66, '09ddcff6b61dc3d4c6cf54f9f3d6721c', 6, '3', 0, '2020-06-27 19:11:16', NULL),
(67, '09ddcff6b61dc3d4c6cf54f9f3d6721c', 24, '1', 0, '2020-06-27 19:11:16', NULL),
(68, '09ddcff6b61dc3d4c6cf54f9f3d6721c', 5, '3', 0, '2020-06-27 19:11:16', NULL),
(69, '09ddcff6b61dc3d4c6cf54f9f3d6721c', 13, '1', 0, '2020-06-27 19:11:16', NULL),
(70, '09ddcff6b61dc3d4c6cf54f9f3d6721c', 10, '3', 0, '2020-06-27 19:11:16', NULL),
(71, '09ddcff6b61dc3d4c6cf54f9f3d6721c', 2, '3', 0, '2020-06-27 19:11:16', NULL),
(72, '09ddcff6b61dc3d4c6cf54f9f3d6721c', 1, '3', 0, '2020-06-27 19:11:16', NULL),
(73, '09ddcff6b61dc3d4c6cf54f9f3d6721c', 25, '1', 0, '2020-06-27 19:11:16', NULL),
(74, '09ddcff6b61dc3d4c6cf54f9f3d6721c', 11, '3', 0, '2020-06-27 19:11:16', NULL),
(75, '09ddcff6b61dc3d4c6cf54f9f3d6721c', 30, '1', 1, '2020-06-27 19:11:16', NULL),
(76, '09ddcff6b61dc3d4c6cf54f9f3d6721c', 16, '3', 0, '2020-06-27 19:11:16', NULL),
(77, '09ddcff6b61dc3d4c6cf54f9f3d6721c', 27, '1', 1, '2020-06-27 19:11:16', NULL),
(78, '09ddcff6b61dc3d4c6cf54f9f3d6721c', 15, '3', 0, '2020-06-27 19:11:16', NULL),
(79, '09ddcff6b61dc3d4c6cf54f9f3d6721c', 29, '3', 1, '2020-06-27 19:11:16', NULL),
(80, 'e784b7e768716fcf6aec9932a5d1dd5c', 3, '3', 0, '2020-06-27 19:13:54', NULL),
(81, 'e784b7e768716fcf6aec9932a5d1dd5c', 15, '1', 1, '2020-06-27 19:13:54', NULL),
(82, 'e784b7e768716fcf6aec9932a5d1dd5c', 18, '3', 0, '2020-06-27 19:13:54', NULL),
(83, 'e784b7e768716fcf6aec9932a5d1dd5c', 28, '1', 0, '2020-06-27 19:13:54', NULL),
(84, 'e784b7e768716fcf6aec9932a5d1dd5c', 5, '3', 0, '2020-06-27 19:13:54', NULL),
(85, 'e784b7e768716fcf6aec9932a5d1dd5c', 29, '1', 0, '2020-06-27 19:13:54', NULL),
(86, 'e784b7e768716fcf6aec9932a5d1dd5c', 1, '3', 0, '2020-06-27 19:13:54', NULL),
(87, 'e784b7e768716fcf6aec9932a5d1dd5c', 23, '1', 1, '2020-06-27 19:13:54', NULL),
(88, 'e784b7e768716fcf6aec9932a5d1dd5c', 9, '3', 0, '2020-06-27 19:13:54', NULL),
(89, 'e784b7e768716fcf6aec9932a5d1dd5c', 17, '1', 1, '2020-06-27 19:13:54', NULL),
(90, 'e784b7e768716fcf6aec9932a5d1dd5c', 19, '3', 0, '2020-06-27 19:13:54', NULL),
(91, 'e784b7e768716fcf6aec9932a5d1dd5c', 21, '3', 0, '2020-06-27 19:13:54', NULL),
(92, 'e784b7e768716fcf6aec9932a5d1dd5c', 14, '3', 0, '2020-06-27 19:13:54', NULL),
(93, 'e784b7e768716fcf6aec9932a5d1dd5c', 22, '1', 1, '2020-06-27 19:13:54', NULL),
(94, 'e784b7e768716fcf6aec9932a5d1dd5c', 12, '3', 0, '2020-06-27 19:13:54', NULL),
(95, 'e784b7e768716fcf6aec9932a5d1dd5c', 27, '3', 0, '2020-06-27 19:13:54', NULL),
(96, 'e784b7e768716fcf6aec9932a5d1dd5c', 26, '3', 0, '2020-06-27 19:13:54', NULL),
(97, 'e784b7e768716fcf6aec9932a5d1dd5c', 11, '1', 0, '2020-06-27 19:13:54', NULL),
(98, 'e784b7e768716fcf6aec9932a5d1dd5c', 30, '3', 0, '2020-06-27 19:13:54', NULL),
(99, 'e784b7e768716fcf6aec9932a5d1dd5c', 6, '1', 0, '2020-06-27 19:13:54', NULL),
(100, 'e784b7e768716fcf6aec9932a5d1dd5c', 2, '3', 0, '2020-06-27 19:13:54', NULL),
(101, 'e784b7e768716fcf6aec9932a5d1dd5c', 7, '3', 0, '2020-06-27 19:13:54', NULL),
(102, 'e784b7e768716fcf6aec9932a5d1dd5c', 13, '1', 0, '2020-06-27 19:13:54', NULL),
(103, 'e784b7e768716fcf6aec9932a5d1dd5c', 4, '3', 0, '2020-06-27 19:13:54', NULL),
(104, 'e784b7e768716fcf6aec9932a5d1dd5c', 25, '1', 0, '2020-06-27 19:13:54', NULL),
(105, 'e784b7e768716fcf6aec9932a5d1dd5c', 16, '3', 0, '2020-06-27 19:13:54', NULL),
(106, 'e784b7e768716fcf6aec9932a5d1dd5c', 10, '1', 1, '2020-06-27 19:13:54', NULL),
(107, 'e784b7e768716fcf6aec9932a5d1dd5c', 8, '3', 0, '2020-06-27 19:13:54', NULL),
(108, 'e784b7e768716fcf6aec9932a5d1dd5c', 20, '1', 0, '2020-06-27 19:13:54', NULL),
(109, 'e784b7e768716fcf6aec9932a5d1dd5c', 24, '3', 1, '2020-06-27 19:13:54', NULL),
(110, 'c68f7b688499d3e642c11654ceb0b1ea', 3, '3', 0, '2020-06-27 19:15:02', NULL),
(111, 'c68f7b688499d3e642c11654ceb0b1ea', 15, '1', 1, '2020-06-27 19:15:02', NULL),
(112, 'c68f7b688499d3e642c11654ceb0b1ea', 18, '3', 0, '2020-06-27 19:15:02', NULL),
(113, 'c68f7b688499d3e642c11654ceb0b1ea', 28, '1', 0, '2020-06-27 19:15:02', NULL),
(114, 'c68f7b688499d3e642c11654ceb0b1ea', 5, '3', 0, '2020-06-27 19:15:02', NULL),
(115, 'c68f7b688499d3e642c11654ceb0b1ea', 29, '1', 0, '2020-06-27 19:15:02', NULL),
(116, 'c68f7b688499d3e642c11654ceb0b1ea', 1, '3', 0, '2020-06-27 19:15:02', NULL),
(117, 'c68f7b688499d3e642c11654ceb0b1ea', 23, '1', 1, '2020-06-27 19:15:02', NULL),
(118, 'c68f7b688499d3e642c11654ceb0b1ea', 9, '3', 0, '2020-06-27 19:15:02', NULL),
(119, 'c68f7b688499d3e642c11654ceb0b1ea', 17, '1', 1, '2020-06-27 19:15:02', NULL),
(120, 'c68f7b688499d3e642c11654ceb0b1ea', 19, '3', 0, '2020-06-27 19:15:02', NULL),
(121, 'c68f7b688499d3e642c11654ceb0b1ea', 21, '3', 0, '2020-06-27 19:15:02', NULL),
(122, 'c68f7b688499d3e642c11654ceb0b1ea', 14, '3', 0, '2020-06-27 19:15:02', NULL),
(123, 'c68f7b688499d3e642c11654ceb0b1ea', 22, '1', 1, '2020-06-27 19:15:02', NULL),
(124, 'c68f7b688499d3e642c11654ceb0b1ea', 12, '3', 0, '2020-06-27 19:15:02', NULL),
(125, 'c68f7b688499d3e642c11654ceb0b1ea', 27, '3', 0, '2020-06-27 19:15:02', NULL),
(126, 'c68f7b688499d3e642c11654ceb0b1ea', 26, '3', 0, '2020-06-27 19:15:02', NULL),
(127, 'c68f7b688499d3e642c11654ceb0b1ea', 11, '1', 0, '2020-06-27 19:15:02', NULL),
(128, 'c68f7b688499d3e642c11654ceb0b1ea', 30, '3', 0, '2020-06-27 19:15:02', NULL),
(129, 'c68f7b688499d3e642c11654ceb0b1ea', 6, '1', 0, '2020-06-27 19:15:02', NULL),
(130, 'c68f7b688499d3e642c11654ceb0b1ea', 2, '3', 0, '2020-06-27 19:15:02', NULL),
(131, 'c68f7b688499d3e642c11654ceb0b1ea', 7, '3', 0, '2020-06-27 19:15:02', NULL),
(132, 'c68f7b688499d3e642c11654ceb0b1ea', 13, '1', 0, '2020-06-27 19:15:02', NULL),
(133, 'c68f7b688499d3e642c11654ceb0b1ea', 4, '3', 0, '2020-06-27 19:15:02', NULL),
(134, 'c68f7b688499d3e642c11654ceb0b1ea', 25, '1', 0, '2020-06-27 19:15:02', NULL),
(135, 'c68f7b688499d3e642c11654ceb0b1ea', 16, '3', 0, '2020-06-27 19:15:02', NULL),
(136, 'c68f7b688499d3e642c11654ceb0b1ea', 10, '1', 1, '2020-06-27 19:15:02', NULL),
(137, 'c68f7b688499d3e642c11654ceb0b1ea', 8, '3', 0, '2020-06-27 19:15:02', NULL),
(138, 'c68f7b688499d3e642c11654ceb0b1ea', 20, '1', 0, '2020-06-27 19:15:02', NULL),
(139, 'c68f7b688499d3e642c11654ceb0b1ea', 24, '3', 1, '2020-06-27 19:15:02', NULL),
(140, 'baf75a150e7c94386446ccb4df9977a3', 13, '1', 0, '2020-06-27 19:19:30', NULL),
(141, 'baf75a150e7c94386446ccb4df9977a3', 27, '3', 0, '2020-06-27 19:19:30', NULL),
(142, 'baf75a150e7c94386446ccb4df9977a3', 23, '1', 1, '2020-06-27 19:19:30', NULL),
(143, 'baf75a150e7c94386446ccb4df9977a3', 7, '3', 0, '2020-06-27 19:19:30', NULL),
(144, 'baf75a150e7c94386446ccb4df9977a3', 11, '1', 0, '2020-06-27 19:19:30', NULL),
(145, 'baf75a150e7c94386446ccb4df9977a3', 17, '3', 0, '2020-06-27 19:19:30', NULL),
(146, 'baf75a150e7c94386446ccb4df9977a3', 30, '1', 1, '2020-06-27 19:19:30', NULL),
(147, 'baf75a150e7c94386446ccb4df9977a3', 20, '3', 0, '2020-06-27 19:19:30', NULL),
(148, 'baf75a150e7c94386446ccb4df9977a3', 6, '1', 0, '2020-06-27 19:19:30', NULL),
(149, 'baf75a150e7c94386446ccb4df9977a3', 8, '3', 0, '2020-06-27 19:19:30', NULL),
(150, 'baf75a150e7c94386446ccb4df9977a3', 3, '1', 0, '2020-06-27 19:19:30', NULL),
(151, 'baf75a150e7c94386446ccb4df9977a3', 24, '3', 1, '2020-06-27 19:19:30', NULL),
(152, 'baf75a150e7c94386446ccb4df9977a3', 26, '1', 1, '2020-06-27 19:19:30', NULL),
(153, 'baf75a150e7c94386446ccb4df9977a3', 15, '1', 1, '2020-06-27 19:19:30', NULL),
(154, 'baf75a150e7c94386446ccb4df9977a3', 5, '3', 0, '2020-06-27 19:19:30', NULL),
(155, 'baf75a150e7c94386446ccb4df9977a3', 9, '1', 1, '2020-06-27 19:19:30', NULL),
(156, 'baf75a150e7c94386446ccb4df9977a3', 19, '1', 0, '2020-06-27 19:19:30', NULL),
(157, 'baf75a150e7c94386446ccb4df9977a3', 14, '3', 0, '2020-06-27 19:19:30', NULL),
(158, 'baf75a150e7c94386446ccb4df9977a3', 10, '1', 1, '2020-06-27 19:19:30', NULL),
(159, 'baf75a150e7c94386446ccb4df9977a3', 22, '3', 0, '2020-06-27 19:19:30', NULL),
(160, 'baf75a150e7c94386446ccb4df9977a3', 21, '1', 0, '2020-06-27 19:19:30', NULL),
(161, 'baf75a150e7c94386446ccb4df9977a3', 2, '3', 0, '2020-06-27 19:19:30', NULL),
(162, 'baf75a150e7c94386446ccb4df9977a3', 1, '3', 0, '2020-06-27 19:19:30', NULL),
(163, 'baf75a150e7c94386446ccb4df9977a3', 25, '1', 0, '2020-06-27 19:19:30', NULL),
(164, 'baf75a150e7c94386446ccb4df9977a3', 4, '3', 0, '2020-06-27 19:19:30', NULL),
(165, 'baf75a150e7c94386446ccb4df9977a3', 18, '1', 1, '2020-06-27 19:19:30', NULL),
(166, 'baf75a150e7c94386446ccb4df9977a3', 28, '1', 0, '2020-06-27 19:19:30', NULL),
(167, 'baf75a150e7c94386446ccb4df9977a3', 12, '3', 0, '2020-06-27 19:19:30', NULL),
(168, 'baf75a150e7c94386446ccb4df9977a3', 16, '3', 0, '2020-06-27 19:19:30', NULL),
(169, 'baf75a150e7c94386446ccb4df9977a3', 29, '1', 0, '2020-06-27 19:19:30', NULL),
(170, '6e43ac0349202d9d26791c222ccf5c5a', 17, '1', 1, '2020-06-27 19:28:54', NULL),
(171, '6e43ac0349202d9d26791c222ccf5c5a', 13, '3', 0, '2020-06-27 19:28:54', NULL),
(172, '6e43ac0349202d9d26791c222ccf5c5a', 14, '1', 0, '2020-06-27 19:28:54', NULL),
(173, '6e43ac0349202d9d26791c222ccf5c5a', 20, '3', 0, '2020-06-27 19:28:54', NULL),
(174, '6e43ac0349202d9d26791c222ccf5c5a', 1, '1', 1, '2020-06-27 19:28:54', NULL),
(175, '6e43ac0349202d9d26791c222ccf5c5a', 11, '3', 0, '2020-06-27 19:28:54', NULL),
(176, '6e43ac0349202d9d26791c222ccf5c5a', 6, '1', 0, '2020-06-27 19:28:54', NULL),
(177, '6e43ac0349202d9d26791c222ccf5c5a', 22, '3', 0, '2020-06-27 19:28:54', NULL),
(178, '6e43ac0349202d9d26791c222ccf5c5a', 2, '1', 0, '2020-06-27 19:28:54', NULL),
(179, '6e43ac0349202d9d26791c222ccf5c5a', 19, '3', 0, '2020-06-27 19:28:54', NULL),
(180, '6e43ac0349202d9d26791c222ccf5c5a', 12, '1', 0, '2020-06-27 19:28:54', NULL),
(181, '6e43ac0349202d9d26791c222ccf5c5a', 27, '3', 0, '2020-06-27 19:28:54', NULL),
(182, '6e43ac0349202d9d26791c222ccf5c5a', 7, '1', 0, '2020-06-27 19:28:54', NULL),
(183, '6e43ac0349202d9d26791c222ccf5c5a', 15, '3', 0, '2020-06-27 19:28:54', NULL),
(184, '6e43ac0349202d9d26791c222ccf5c5a', 25, '1', 0, '2020-06-27 19:28:54', NULL),
(185, '6e43ac0349202d9d26791c222ccf5c5a', 29, '3', 1, '2020-06-27 19:28:54', NULL),
(186, '6e43ac0349202d9d26791c222ccf5c5a', 18, '3', 0, '2020-06-27 19:28:54', NULL),
(187, '6e43ac0349202d9d26791c222ccf5c5a', 28, '1', 0, '2020-06-27 19:28:54', NULL),
(188, '6e43ac0349202d9d26791c222ccf5c5a', 4, '3', 0, '2020-06-27 19:28:54', NULL),
(189, '6e43ac0349202d9d26791c222ccf5c5a', 23, '3', 0, '2020-06-27 19:28:54', NULL),
(190, '6e43ac0349202d9d26791c222ccf5c5a', 26, '1', 1, '2020-06-27 19:28:54', NULL),
(191, '6e43ac0349202d9d26791c222ccf5c5a', 9, '3', 0, '2020-06-27 19:28:54', NULL),
(192, '6e43ac0349202d9d26791c222ccf5c5a', 30, '1', 1, '2020-06-27 19:28:54', NULL),
(193, '6e43ac0349202d9d26791c222ccf5c5a', 24, '3', 1, '2020-06-27 19:28:54', NULL),
(194, '6e43ac0349202d9d26791c222ccf5c5a', 16, '3', 0, '2020-06-27 19:28:54', NULL),
(195, '6e43ac0349202d9d26791c222ccf5c5a', 3, '3', 0, '2020-06-27 19:28:54', NULL),
(196, '6e43ac0349202d9d26791c222ccf5c5a', 10, '1', 1, '2020-06-27 19:28:54', NULL),
(197, '6e43ac0349202d9d26791c222ccf5c5a', 8, '3', 0, '2020-06-27 19:28:54', NULL),
(198, '6e43ac0349202d9d26791c222ccf5c5a', 5, '1', 0, '2020-06-27 19:28:54', NULL),
(199, '6e43ac0349202d9d26791c222ccf5c5a', 21, '3', 0, '2020-06-27 19:28:54', NULL),
(200, '555bdd96ad55a8536c0bf61c6d49d9c6', 2, '1', 0, '2020-06-27 19:45:23', NULL),
(201, '555bdd96ad55a8536c0bf61c6d49d9c6', 24, '3', 1, '2020-06-27 19:45:23', NULL),
(202, '555bdd96ad55a8536c0bf61c6d49d9c6', 27, '1', 1, '2020-06-27 19:45:23', NULL),
(203, '555bdd96ad55a8536c0bf61c6d49d9c6', 30, '3', 0, '2020-06-27 19:45:23', NULL),
(204, '555bdd96ad55a8536c0bf61c6d49d9c6', 12, '1', 0, '2020-06-27 19:45:23', NULL),
(205, '555bdd96ad55a8536c0bf61c6d49d9c6', 10, '3', 0, '2020-06-27 19:45:23', NULL),
(206, '555bdd96ad55a8536c0bf61c6d49d9c6', 26, '1', 1, '2020-06-27 19:45:23', NULL),
(207, '555bdd96ad55a8536c0bf61c6d49d9c6', 16, '3', 0, '2020-06-27 19:45:23', NULL),
(208, '555bdd96ad55a8536c0bf61c6d49d9c6', 4, '1', 0, '2020-06-27 19:45:23', NULL),
(209, '555bdd96ad55a8536c0bf61c6d49d9c6', 22, '3', 0, '2020-06-27 19:45:23', NULL),
(210, '555bdd96ad55a8536c0bf61c6d49d9c6', 14, '1', 0, '2020-06-27 19:45:23', NULL),
(211, '555bdd96ad55a8536c0bf61c6d49d9c6', 21, '3', 0, '2020-06-27 19:45:23', NULL),
(212, '555bdd96ad55a8536c0bf61c6d49d9c6', 13, '1', 0, '2020-06-27 19:45:23', NULL),
(213, '555bdd96ad55a8536c0bf61c6d49d9c6', 8, '3', 0, '2020-06-27 19:45:23', NULL),
(214, '555bdd96ad55a8536c0bf61c6d49d9c6', 25, '3', 0, '2020-06-27 19:45:23', NULL),
(215, '555bdd96ad55a8536c0bf61c6d49d9c6', 17, '1', 1, '2020-06-27 19:45:23', NULL),
(216, '555bdd96ad55a8536c0bf61c6d49d9c6', 28, '1', 0, '2020-06-27 19:45:23', NULL),
(217, '555bdd96ad55a8536c0bf61c6d49d9c6', 29, '3', 1, '2020-06-27 19:45:23', NULL),
(218, '555bdd96ad55a8536c0bf61c6d49d9c6', 6, '1', 0, '2020-06-27 19:45:23', NULL),
(219, '555bdd96ad55a8536c0bf61c6d49d9c6', 11, '3', 0, '2020-06-27 19:45:23', NULL),
(220, '555bdd96ad55a8536c0bf61c6d49d9c6', 23, '1', 1, '2020-06-27 19:45:23', NULL),
(221, '555bdd96ad55a8536c0bf61c6d49d9c6', 3, '3', 0, '2020-06-27 19:45:23', NULL),
(222, '555bdd96ad55a8536c0bf61c6d49d9c6', 15, '1', 1, '2020-06-27 19:45:23', NULL),
(223, '555bdd96ad55a8536c0bf61c6d49d9c6', 19, '3', 0, '2020-06-27 19:45:23', NULL),
(224, '555bdd96ad55a8536c0bf61c6d49d9c6', 5, '1', 0, '2020-06-27 19:45:23', NULL),
(225, '555bdd96ad55a8536c0bf61c6d49d9c6', 1, '3', 0, '2020-06-27 19:45:23', NULL),
(226, '555bdd96ad55a8536c0bf61c6d49d9c6', 7, '1', 0, '2020-06-27 19:45:23', NULL),
(227, '555bdd96ad55a8536c0bf61c6d49d9c6', 18, '3', 0, '2020-06-27 19:45:23', NULL),
(228, '555bdd96ad55a8536c0bf61c6d49d9c6', 20, '3', 0, '2020-06-27 19:45:23', NULL),
(229, '555bdd96ad55a8536c0bf61c6d49d9c6', 9, '1', 1, '2020-06-27 19:45:23', NULL),
(230, 'c1606a6c6d78ad61d3f2b8235f8fd52c', 2, '1', 0, '2020-06-27 19:45:45', NULL),
(231, 'c1606a6c6d78ad61d3f2b8235f8fd52c', 24, '3', 1, '2020-06-27 19:45:45', NULL),
(232, 'c1606a6c6d78ad61d3f2b8235f8fd52c', 27, '1', 1, '2020-06-27 19:45:45', NULL),
(233, 'c1606a6c6d78ad61d3f2b8235f8fd52c', 30, '3', 0, '2020-06-27 19:45:45', NULL),
(234, 'c1606a6c6d78ad61d3f2b8235f8fd52c', 12, '1', 0, '2020-06-27 19:45:45', NULL),
(235, 'c1606a6c6d78ad61d3f2b8235f8fd52c', 10, '3', 0, '2020-06-27 19:45:45', NULL),
(236, 'c1606a6c6d78ad61d3f2b8235f8fd52c', 26, '1', 1, '2020-06-27 19:45:45', NULL),
(237, 'c1606a6c6d78ad61d3f2b8235f8fd52c', 16, '3', 0, '2020-06-27 19:45:45', NULL),
(238, 'c1606a6c6d78ad61d3f2b8235f8fd52c', 4, '1', 0, '2020-06-27 19:45:45', NULL),
(239, 'c1606a6c6d78ad61d3f2b8235f8fd52c', 22, '3', 0, '2020-06-27 19:45:45', NULL),
(240, 'c1606a6c6d78ad61d3f2b8235f8fd52c', 14, '1', 0, '2020-06-27 19:45:45', NULL),
(241, 'c1606a6c6d78ad61d3f2b8235f8fd52c', 21, '3', 0, '2020-06-27 19:45:45', NULL),
(242, 'c1606a6c6d78ad61d3f2b8235f8fd52c', 13, '1', 0, '2020-06-27 19:45:45', NULL),
(243, 'c1606a6c6d78ad61d3f2b8235f8fd52c', 8, '3', 0, '2020-06-27 19:45:45', NULL),
(244, 'c1606a6c6d78ad61d3f2b8235f8fd52c', 25, '3', 0, '2020-06-27 19:45:45', NULL),
(245, 'c1606a6c6d78ad61d3f2b8235f8fd52c', 17, '1', 1, '2020-06-27 19:45:45', NULL),
(246, 'c1606a6c6d78ad61d3f2b8235f8fd52c', 28, '1', 0, '2020-06-27 19:45:45', NULL),
(247, 'c1606a6c6d78ad61d3f2b8235f8fd52c', 29, '3', 1, '2020-06-27 19:45:45', NULL),
(248, 'c1606a6c6d78ad61d3f2b8235f8fd52c', 6, '1', 0, '2020-06-27 19:45:45', NULL),
(249, 'c1606a6c6d78ad61d3f2b8235f8fd52c', 11, '3', 0, '2020-06-27 19:45:45', NULL),
(250, 'c1606a6c6d78ad61d3f2b8235f8fd52c', 23, '1', 1, '2020-06-27 19:45:45', NULL),
(251, 'c1606a6c6d78ad61d3f2b8235f8fd52c', 3, '3', 0, '2020-06-27 19:45:45', NULL),
(252, 'c1606a6c6d78ad61d3f2b8235f8fd52c', 15, '1', 1, '2020-06-27 19:45:45', NULL),
(253, 'c1606a6c6d78ad61d3f2b8235f8fd52c', 19, '3', 0, '2020-06-27 19:45:45', NULL),
(254, 'c1606a6c6d78ad61d3f2b8235f8fd52c', 5, '1', 0, '2020-06-27 19:45:45', NULL),
(255, 'c1606a6c6d78ad61d3f2b8235f8fd52c', 1, '3', 0, '2020-06-27 19:45:45', NULL),
(256, 'c1606a6c6d78ad61d3f2b8235f8fd52c', 7, '1', 0, '2020-06-27 19:45:45', NULL),
(257, 'c1606a6c6d78ad61d3f2b8235f8fd52c', 18, '3', 0, '2020-06-27 19:45:45', NULL),
(258, 'c1606a6c6d78ad61d3f2b8235f8fd52c', 20, '3', 0, '2020-06-27 19:45:45', NULL),
(259, 'c1606a6c6d78ad61d3f2b8235f8fd52c', 9, '1', 1, '2020-06-27 19:45:45', NULL),
(260, '45c2fd5bf37e40228e68961ef230a640', 2, '1', 0, '2020-06-27 19:46:29', NULL),
(261, '45c2fd5bf37e40228e68961ef230a640', 24, '3', 1, '2020-06-27 19:46:29', NULL),
(262, '45c2fd5bf37e40228e68961ef230a640', 27, '1', 1, '2020-06-27 19:46:29', NULL),
(263, '45c2fd5bf37e40228e68961ef230a640', 30, '3', 0, '2020-06-27 19:46:29', NULL),
(264, '45c2fd5bf37e40228e68961ef230a640', 12, '1', 0, '2020-06-27 19:46:29', NULL),
(265, '45c2fd5bf37e40228e68961ef230a640', 10, '3', 0, '2020-06-27 19:46:29', NULL),
(266, '45c2fd5bf37e40228e68961ef230a640', 26, '1', 1, '2020-06-27 19:46:29', NULL),
(267, '45c2fd5bf37e40228e68961ef230a640', 16, '3', 0, '2020-06-27 19:46:29', NULL),
(268, '45c2fd5bf37e40228e68961ef230a640', 4, '1', 0, '2020-06-27 19:46:29', NULL),
(269, '45c2fd5bf37e40228e68961ef230a640', 22, '3', 0, '2020-06-27 19:46:29', NULL),
(270, '45c2fd5bf37e40228e68961ef230a640', 14, '1', 0, '2020-06-27 19:46:29', NULL),
(271, '45c2fd5bf37e40228e68961ef230a640', 21, '3', 0, '2020-06-27 19:46:29', NULL),
(272, '45c2fd5bf37e40228e68961ef230a640', 13, '1', 0, '2020-06-27 19:46:29', NULL),
(273, '45c2fd5bf37e40228e68961ef230a640', 8, '3', 0, '2020-06-27 19:46:29', NULL),
(274, '45c2fd5bf37e40228e68961ef230a640', 25, '3', 0, '2020-06-27 19:46:29', NULL),
(275, '45c2fd5bf37e40228e68961ef230a640', 17, '1', 1, '2020-06-27 19:46:29', NULL),
(276, '45c2fd5bf37e40228e68961ef230a640', 28, '1', 0, '2020-06-27 19:46:29', NULL),
(277, '45c2fd5bf37e40228e68961ef230a640', 29, '3', 1, '2020-06-27 19:46:29', NULL),
(278, '45c2fd5bf37e40228e68961ef230a640', 6, '1', 0, '2020-06-27 19:46:29', NULL),
(279, '45c2fd5bf37e40228e68961ef230a640', 11, '3', 0, '2020-06-27 19:46:29', NULL),
(280, '45c2fd5bf37e40228e68961ef230a640', 23, '1', 1, '2020-06-27 19:46:29', NULL),
(281, '45c2fd5bf37e40228e68961ef230a640', 3, '3', 0, '2020-06-27 19:46:29', NULL),
(282, '45c2fd5bf37e40228e68961ef230a640', 15, '1', 1, '2020-06-27 19:46:29', NULL),
(283, '45c2fd5bf37e40228e68961ef230a640', 19, '3', 0, '2020-06-27 19:46:29', NULL),
(284, '45c2fd5bf37e40228e68961ef230a640', 5, '1', 0, '2020-06-27 19:46:29', NULL),
(285, '45c2fd5bf37e40228e68961ef230a640', 1, '3', 0, '2020-06-27 19:46:29', NULL),
(286, '45c2fd5bf37e40228e68961ef230a640', 7, '1', 0, '2020-06-27 19:46:29', NULL),
(287, '45c2fd5bf37e40228e68961ef230a640', 18, '3', 0, '2020-06-27 19:46:29', NULL),
(288, '45c2fd5bf37e40228e68961ef230a640', 20, '3', 0, '2020-06-27 19:46:29', NULL),
(289, '45c2fd5bf37e40228e68961ef230a640', 9, '1', 1, '2020-06-27 19:46:29', NULL),
(290, 'd5783e40dc2b3f3ffd414687a8b21451', 3, '1', 0, '2020-06-27 20:06:46', NULL),
(291, 'd5783e40dc2b3f3ffd414687a8b21451', 29, '3', 1, '2020-06-27 20:06:46', NULL),
(292, 'd5783e40dc2b3f3ffd414687a8b21451', 10, '2', 0, '2020-06-27 20:06:46', NULL),
(293, 'd5783e40dc2b3f3ffd414687a8b21451', 21, '3', 0, '2020-06-27 20:06:46', NULL),
(294, 'd5783e40dc2b3f3ffd414687a8b21451', 13, '4', 1, '2020-06-27 20:06:46', NULL),
(295, 'd5783e40dc2b3f3ffd414687a8b21451', 15, '2', 0, '2020-06-27 20:06:46', NULL),
(296, 'd5783e40dc2b3f3ffd414687a8b21451', 7, '4', 0, '2020-06-27 20:06:46', NULL),
(297, 'd5783e40dc2b3f3ffd414687a8b21451', 8, '2', 0, '2020-06-27 20:06:46', NULL),
(298, 'd5783e40dc2b3f3ffd414687a8b21451', 28, '4', 0, '2020-06-27 20:06:46', NULL),
(299, 'd5783e40dc2b3f3ffd414687a8b21451', 11, '2', 0, '2020-06-27 20:06:46', NULL),
(300, 'd5783e40dc2b3f3ffd414687a8b21451', 19, '4', 1, '2020-06-27 20:06:46', NULL),
(301, 'd5783e40dc2b3f3ffd414687a8b21451', 12, '2', 0, '2020-06-27 20:06:46', NULL),
(302, 'd5783e40dc2b3f3ffd414687a8b21451', 20, '1', 0, '2020-06-27 20:06:46', NULL),
(303, 'd5783e40dc2b3f3ffd414687a8b21451', 1, '3', 0, '2020-06-27 20:06:46', NULL),
(304, 'd5783e40dc2b3f3ffd414687a8b21451', 23, '1', 1, '2020-06-27 20:06:46', NULL),
(305, 'd5783e40dc2b3f3ffd414687a8b21451', 27, '2', 0, '2020-06-27 20:06:46', NULL),
(306, 'd5783e40dc2b3f3ffd414687a8b21451', 22, '4', 0, '2020-06-27 20:06:46', NULL),
(307, 'd5783e40dc2b3f3ffd414687a8b21451', 6, '3', 0, '2020-06-27 20:06:46', NULL),
(308, 'd5783e40dc2b3f3ffd414687a8b21451', 5, '2', 0, '2020-06-27 20:06:46', NULL),
(309, 'd5783e40dc2b3f3ffd414687a8b21451', 25, '1', 0, '2020-06-27 20:06:46', NULL),
(310, 'd5783e40dc2b3f3ffd414687a8b21451', 17, '4', 0, '2020-06-27 20:06:46', NULL),
(311, 'd5783e40dc2b3f3ffd414687a8b21451', 2, '3', 0, '2020-06-27 20:06:46', NULL),
(312, 'd5783e40dc2b3f3ffd414687a8b21451', 14, '2', 1, '2020-06-27 20:06:46', NULL),
(313, 'd5783e40dc2b3f3ffd414687a8b21451', 9, '4', 0, '2020-06-27 20:06:46', NULL),
(314, 'd5783e40dc2b3f3ffd414687a8b21451', 24, '3', 1, '2020-06-27 20:06:46', NULL),
(315, 'd5783e40dc2b3f3ffd414687a8b21451', 16, '1', 1, '2020-06-27 20:06:46', NULL),
(316, 'd5783e40dc2b3f3ffd414687a8b21451', 18, '2', 0, '2020-06-27 20:06:46', NULL),
(317, 'd5783e40dc2b3f3ffd414687a8b21451', 30, '4', 0, '2020-06-27 20:06:46', NULL),
(318, 'd5783e40dc2b3f3ffd414687a8b21451', 4, '3', 0, '2020-06-27 20:06:46', NULL),
(319, 'd5783e40dc2b3f3ffd414687a8b21451', 26, '2', 0, '2020-06-27 20:06:46', NULL),
(320, '802cdf3fd8ef684f2562650ad8933847', 16, '1', 1, '2020-06-27 20:21:05', NULL),
(321, '802cdf3fd8ef684f2562650ad8933847', 4, '3', 0, '2020-06-27 20:21:05', NULL),
(322, '802cdf3fd8ef684f2562650ad8933847', 27, '1', 1, '2020-06-27 20:21:05', NULL),
(323, '802cdf3fd8ef684f2562650ad8933847', 18, '3', 0, '2020-06-27 20:21:05', NULL),
(324, '802cdf3fd8ef684f2562650ad8933847', 2, '1', 0, '2020-06-27 20:21:05', NULL),
(325, '802cdf3fd8ef684f2562650ad8933847', 12, '1', 0, '2020-06-27 20:21:05', NULL),
(326, '802cdf3fd8ef684f2562650ad8933847', 29, '3', 1, '2020-06-27 20:21:05', NULL),
(327, '802cdf3fd8ef684f2562650ad8933847', 22, '1', 1, '2020-06-27 20:21:05', NULL),
(328, '802cdf3fd8ef684f2562650ad8933847', 11, '3', 0, '2020-06-27 20:21:05', NULL),
(329, '802cdf3fd8ef684f2562650ad8933847', 28, '1', 0, '2020-06-27 20:21:05', NULL),
(330, '802cdf3fd8ef684f2562650ad8933847', 3, '3', 0, '2020-06-27 20:21:05', NULL),
(331, '802cdf3fd8ef684f2562650ad8933847', 10, '1', 1, '2020-06-27 20:21:05', NULL),
(332, '802cdf3fd8ef684f2562650ad8933847', 5, '3', 0, '2020-06-27 20:21:05', NULL),
(333, '802cdf3fd8ef684f2562650ad8933847', 24, '1', 0, '2020-06-27 20:21:05', NULL),
(334, '802cdf3fd8ef684f2562650ad8933847', 19, '1', 0, '2020-06-27 20:21:05', NULL),
(335, '802cdf3fd8ef684f2562650ad8933847', 15, '3', 0, '2020-06-27 20:21:05', NULL),
(336, '802cdf3fd8ef684f2562650ad8933847', 21, '1', 0, '2020-06-27 20:21:05', NULL),
(337, '802cdf3fd8ef684f2562650ad8933847', 17, '3', 0, '2020-06-27 20:21:05', NULL),
(338, '802cdf3fd8ef684f2562650ad8933847', 25, '1', 0, '2020-06-27 20:21:05', NULL),
(339, '802cdf3fd8ef684f2562650ad8933847', 8, '3', 0, '2020-06-27 20:21:05', NULL),
(340, '802cdf3fd8ef684f2562650ad8933847', 1, '1', 1, '2020-06-27 20:21:05', NULL),
(341, '802cdf3fd8ef684f2562650ad8933847', 23, '3', 0, '2020-06-27 20:21:05', NULL),
(342, '802cdf3fd8ef684f2562650ad8933847', 6, '1', 0, '2020-06-27 20:21:05', NULL),
(343, '802cdf3fd8ef684f2562650ad8933847', 14, '3', 0, '2020-06-27 20:21:05', NULL),
(344, '802cdf3fd8ef684f2562650ad8933847', 7, '1', 0, '2020-06-27 20:21:05', NULL),
(345, '802cdf3fd8ef684f2562650ad8933847', 13, '3', 0, '2020-06-27 20:21:05', NULL),
(346, '802cdf3fd8ef684f2562650ad8933847', 30, '1', 1, '2020-06-27 20:21:05', NULL),
(347, '802cdf3fd8ef684f2562650ad8933847', 9, '3', 0, '2020-06-27 20:21:05', NULL),
(348, '802cdf3fd8ef684f2562650ad8933847', 26, '1', 1, '2020-06-27 20:21:05', NULL),
(349, '802cdf3fd8ef684f2562650ad8933847', 20, '3', 0, '2020-06-27 20:21:05', NULL),
(350, '8cd6dbd38d810e76a4539b5f2f395eff', 15, '1', 1, '2020-06-27 20:28:04', NULL),
(351, '8cd6dbd38d810e76a4539b5f2f395eff', 16, '2', 0, '2020-06-27 20:28:04', NULL),
(352, '8cd6dbd38d810e76a4539b5f2f395eff', 5, '4', 1, '2020-06-27 20:28:04', NULL),
(353, '8cd6dbd38d810e76a4539b5f2f395eff', 8, '2', 0, '2020-06-27 20:28:04', NULL),
(354, '8cd6dbd38d810e76a4539b5f2f395eff', 20, '4', 0, '2020-06-27 20:28:04', NULL),
(355, '8cd6dbd38d810e76a4539b5f2f395eff', 28, '2', 1, '2020-06-27 20:28:04', NULL),
(356, '8cd6dbd38d810e76a4539b5f2f395eff', 17, '2', 0, '2020-06-27 20:28:04', NULL),
(357, '8cd6dbd38d810e76a4539b5f2f395eff', 25, '4', 1, '2020-06-27 20:28:04', NULL),
(358, '8cd6dbd38d810e76a4539b5f2f395eff', 1, '4', 0, '2020-06-27 20:28:04', NULL),
(359, '8cd6dbd38d810e76a4539b5f2f395eff', 2, '2', 1, '2020-06-27 20:28:04', NULL),
(360, '8cd6dbd38d810e76a4539b5f2f395eff', 24, '2', 0, '2020-06-27 20:28:04', NULL),
(361, '8cd6dbd38d810e76a4539b5f2f395eff', 29, '1', 0, '2020-06-27 20:28:04', NULL),
(362, '8cd6dbd38d810e76a4539b5f2f395eff', 22, '2', 0, '2020-06-27 20:28:04', NULL),
(363, '8cd6dbd38d810e76a4539b5f2f395eff', 19, '4', 1, '2020-06-27 20:28:04', NULL),
(364, '8cd6dbd38d810e76a4539b5f2f395eff', 23, '1', 1, '2020-06-27 20:28:04', NULL),
(365, '8cd6dbd38d810e76a4539b5f2f395eff', 7, '2', 1, '2020-06-27 20:28:04', NULL),
(366, '8cd6dbd38d810e76a4539b5f2f395eff', 9, '2', 0, '2020-06-27 20:28:04', NULL),
(367, '8cd6dbd38d810e76a4539b5f2f395eff', 30, '4', 0, '2020-06-27 20:28:04', NULL),
(368, '8cd6dbd38d810e76a4539b5f2f395eff', 14, '3', 0, '2020-06-27 20:28:04', NULL),
(369, '8cd6dbd38d810e76a4539b5f2f395eff', 11, '1', 0, '2020-06-27 20:28:04', NULL),
(370, '8cd6dbd38d810e76a4539b5f2f395eff', 27, '3', 0, '2020-06-27 20:28:04', NULL),
(371, '8cd6dbd38d810e76a4539b5f2f395eff', 12, '4', 1, '2020-06-27 20:28:04', NULL),
(372, '8cd6dbd38d810e76a4539b5f2f395eff', 4, '3', 0, '2020-06-27 20:28:04', NULL),
(373, '8cd6dbd38d810e76a4539b5f2f395eff', 13, '2', 0, '2020-06-27 20:28:04', NULL),
(374, '8cd6dbd38d810e76a4539b5f2f395eff', 18, '4', 0, '2020-06-27 20:28:04', NULL),
(375, '8cd6dbd38d810e76a4539b5f2f395eff', 26, '2', 0, '2020-06-27 20:28:04', NULL),
(376, '8cd6dbd38d810e76a4539b5f2f395eff', 21, '4', 0, '2020-06-27 20:28:04', NULL),
(377, '0f4a20884c4492fb737e15eb5bc8d60a', 7, '3', 0, '2020-06-27 20:33:58', NULL),
(378, '0f4a20884c4492fb737e15eb5bc8d60a', 16, '2', 0, '2020-06-27 20:33:58', NULL),
(379, '0f4a20884c4492fb737e15eb5bc8d60a', 10, '4', 0, '2020-06-27 20:33:58', NULL),
(380, '0f4a20884c4492fb737e15eb5bc8d60a', 24, '2', 0, '2020-06-27 20:33:58', NULL),
(381, '0f4a20884c4492fb737e15eb5bc8d60a', 30, '1', 1, '2020-06-27 20:33:58', NULL),
(382, '0f4a20884c4492fb737e15eb5bc8d60a', 11, '3', 0, '2020-06-27 20:33:58', NULL),
(383, '0f4a20884c4492fb737e15eb5bc8d60a', 27, '4', 0, '2020-06-27 20:33:58', NULL),
(384, '0f4a20884c4492fb737e15eb5bc8d60a', 1, '2', 0, '2020-06-27 20:33:58', NULL),
(385, '0f4a20884c4492fb737e15eb5bc8d60a', 6, '3', 0, '2020-06-27 20:33:58', NULL),
(386, '0f4a20884c4492fb737e15eb5bc8d60a', 22, '2', 0, '2020-06-27 20:33:58', NULL),
(387, '0f4a20884c4492fb737e15eb5bc8d60a', 17, '1', 1, '2020-06-27 20:33:58', NULL),
(388, '0f4a20884c4492fb737e15eb5bc8d60a', 25, '2', 0, '2020-06-27 20:33:58', NULL),
(389, '0f4a20884c4492fb737e15eb5bc8d60a', 18, '3', 0, '2020-06-27 20:33:58', NULL),
(390, '0f4a20884c4492fb737e15eb5bc8d60a', 23, '2', 0, '2020-06-27 20:33:58', NULL),
(391, '0f4a20884c4492fb737e15eb5bc8d60a', 2, '1', 0, '2020-06-27 20:33:58', NULL),
(392, '0f4a20884c4492fb737e15eb5bc8d60a', 26, '4', 0, '2020-06-27 20:33:58', NULL),
(393, '0f4a20884c4492fb737e15eb5bc8d60a', 20, '3', 0, '2020-06-27 20:33:58', NULL),
(394, '0f4a20884c4492fb737e15eb5bc8d60a', 13, '2', 0, '2020-06-27 20:33:58', NULL),
(395, '0f4a20884c4492fb737e15eb5bc8d60a', 8, '3', 0, '2020-06-27 20:33:58', NULL),
(396, '0f4a20884c4492fb737e15eb5bc8d60a', 3, '2', 1, '2020-06-27 20:33:58', NULL),
(397, '0f4a20884c4492fb737e15eb5bc8d60a', 29, '2', 0, '2020-06-27 20:33:58', NULL),
(398, '0f4a20884c4492fb737e15eb5bc8d60a', 12, '2', 0, '2020-06-27 20:33:58', NULL),
(399, '0f4a20884c4492fb737e15eb5bc8d60a', 28, '2', 1, '2020-06-27 20:33:58', NULL),
(400, '0f4a20884c4492fb737e15eb5bc8d60a', 5, '4', 1, '2020-06-27 20:33:58', NULL),
(401, '0f4a20884c4492fb737e15eb5bc8d60a', 4, '2', 1, '2020-06-27 20:33:58', NULL),
(402, '0f4a20884c4492fb737e15eb5bc8d60a', 9, '3', 0, '2020-06-27 20:33:58', NULL),
(403, '0f4a20884c4492fb737e15eb5bc8d60a', 14, '1', 0, '2020-06-27 20:33:58', NULL),
(404, '0f4a20884c4492fb737e15eb5bc8d60a', 19, '2', 0, '2020-06-27 20:33:58', NULL),
(405, '0f4a20884c4492fb737e15eb5bc8d60a', 15, '3', 0, '2020-06-27 20:33:58', NULL),
(406, '0f4a20884c4492fb737e15eb5bc8d60a', 21, '3', 0, '2020-06-27 20:33:58', NULL),
(407, '31815c1d73708bdf7a471395924c4f08', 24, '2', 0, '2020-06-27 20:38:55', NULL),
(408, '31815c1d73708bdf7a471395924c4f08', 17, '3', 0, '2020-06-27 20:38:55', NULL),
(409, '31815c1d73708bdf7a471395924c4f08', 2, '2', 1, '2020-06-27 20:38:55', NULL),
(410, '31815c1d73708bdf7a471395924c4f08', 7, '3', 0, '2020-06-27 20:38:55', NULL),
(411, '31815c1d73708bdf7a471395924c4f08', 5, '2', 0, '2020-06-27 20:38:55', NULL),
(412, '31815c1d73708bdf7a471395924c4f08', 9, '4', 0, '2020-06-27 20:38:55', NULL),
(413, '31815c1d73708bdf7a471395924c4f08', 28, '1', 0, '2020-06-27 20:38:55', NULL),
(414, '31815c1d73708bdf7a471395924c4f08', 21, '2', 1, '2020-06-27 20:38:55', NULL),
(415, '31815c1d73708bdf7a471395924c4f08', 18, '2', 0, '2020-06-27 20:38:55', NULL),
(416, '31815c1d73708bdf7a471395924c4f08', 22, '1', 1, '2020-06-27 20:38:55', NULL),
(417, '31815c1d73708bdf7a471395924c4f08', 15, '2', 0, '2020-06-27 20:38:55', NULL),
(418, '31815c1d73708bdf7a471395924c4f08', 6, '3', 0, '2020-06-27 20:38:55', NULL),
(419, '31815c1d73708bdf7a471395924c4f08', 30, '2', 0, '2020-06-27 20:38:55', NULL),
(420, '31815c1d73708bdf7a471395924c4f08', 27, '4', 0, '2020-06-27 20:38:55', NULL),
(421, '31815c1d73708bdf7a471395924c4f08', 20, '3', 0, '2020-06-27 20:38:55', NULL),
(422, '31815c1d73708bdf7a471395924c4f08', 29, '2', 0, '2020-06-27 20:38:55', NULL),
(423, '31815c1d73708bdf7a471395924c4f08', 3, '2', 1, '2020-06-27 20:38:55', NULL),
(424, '31815c1d73708bdf7a471395924c4f08', 12, '2', 0, '2020-06-27 20:38:55', NULL),
(425, '31815c1d73708bdf7a471395924c4f08', 10, '2', 0, '2020-06-27 20:38:55', NULL),
(426, '31815c1d73708bdf7a471395924c4f08', 11, '2', 0, '2020-06-27 20:38:55', NULL),
(427, '31815c1d73708bdf7a471395924c4f08', 8, '2', 0, '2020-06-27 20:38:55', NULL),
(428, '31815c1d73708bdf7a471395924c4f08', 23, '2', 0, '2020-06-27 20:38:55', NULL),
(429, '31815c1d73708bdf7a471395924c4f08', 4, '2', 1, '2020-06-27 20:38:55', NULL),
(430, '31815c1d73708bdf7a471395924c4f08', 25, '2', 0, '2020-06-27 20:38:55', NULL),
(431, '31815c1d73708bdf7a471395924c4f08', 19, '2', 0, '2020-06-27 20:38:55', NULL),
(432, '31815c1d73708bdf7a471395924c4f08', 14, '2', 1, '2020-06-27 20:38:55', NULL),
(433, '31815c1d73708bdf7a471395924c4f08', 1, '2', 0, '2020-06-27 20:38:55', NULL),
(434, '31815c1d73708bdf7a471395924c4f08', 13, '2', 0, '2020-06-27 20:38:55', NULL),
(435, '31815c1d73708bdf7a471395924c4f08', 26, '2', 0, '2020-06-27 20:38:55', NULL),
(436, '31815c1d73708bdf7a471395924c4f08', 16, '2', 0, '2020-06-27 20:38:55', NULL),
(437, '789c46263f1faa811027364e307eadf3', 24, '2', 0, '2020-06-27 20:39:30', NULL),
(438, '789c46263f1faa811027364e307eadf3', 17, '3', 0, '2020-06-27 20:39:30', NULL),
(439, '789c46263f1faa811027364e307eadf3', 2, '2', 1, '2020-06-27 20:39:30', NULL),
(440, '789c46263f1faa811027364e307eadf3', 7, '3', 0, '2020-06-27 20:39:30', NULL),
(441, '789c46263f1faa811027364e307eadf3', 5, '2', 0, '2020-06-27 20:39:30', NULL),
(442, '789c46263f1faa811027364e307eadf3', 9, '4', 0, '2020-06-27 20:39:30', NULL),
(443, '789c46263f1faa811027364e307eadf3', 28, '1', 0, '2020-06-27 20:39:30', NULL),
(444, '789c46263f1faa811027364e307eadf3', 21, '2', 1, '2020-06-27 20:39:30', NULL),
(445, '789c46263f1faa811027364e307eadf3', 18, '2', 0, '2020-06-27 20:39:30', NULL),
(446, '789c46263f1faa811027364e307eadf3', 22, '1', 1, '2020-06-27 20:39:30', NULL),
(447, '789c46263f1faa811027364e307eadf3', 15, '2', 0, '2020-06-27 20:39:30', NULL),
(448, '789c46263f1faa811027364e307eadf3', 6, '3', 0, '2020-06-27 20:39:30', NULL),
(449, '789c46263f1faa811027364e307eadf3', 30, '2', 0, '2020-06-27 20:39:30', NULL),
(450, '789c46263f1faa811027364e307eadf3', 27, '4', 0, '2020-06-27 20:39:30', NULL),
(451, '789c46263f1faa811027364e307eadf3', 20, '3', 0, '2020-06-27 20:39:30', NULL),
(452, '789c46263f1faa811027364e307eadf3', 29, '2', 0, '2020-06-27 20:39:30', NULL),
(453, '789c46263f1faa811027364e307eadf3', 3, '2', 1, '2020-06-27 20:39:30', NULL),
(454, '789c46263f1faa811027364e307eadf3', 12, '2', 0, '2020-06-27 20:39:30', NULL),
(455, '789c46263f1faa811027364e307eadf3', 10, '2', 0, '2020-06-27 20:39:30', NULL),
(456, '789c46263f1faa811027364e307eadf3', 11, '2', 0, '2020-06-27 20:39:30', NULL),
(457, '789c46263f1faa811027364e307eadf3', 8, '2', 0, '2020-06-27 20:39:30', NULL),
(458, '789c46263f1faa811027364e307eadf3', 23, '2', 0, '2020-06-27 20:39:30', NULL),
(459, '789c46263f1faa811027364e307eadf3', 4, '2', 1, '2020-06-27 20:39:30', NULL),
(460, '789c46263f1faa811027364e307eadf3', 25, '2', 0, '2020-06-27 20:39:30', NULL),
(461, '789c46263f1faa811027364e307eadf3', 19, '2', 0, '2020-06-27 20:39:30', NULL),
(462, '789c46263f1faa811027364e307eadf3', 14, '2', 1, '2020-06-27 20:39:30', NULL),
(463, '789c46263f1faa811027364e307eadf3', 1, '2', 0, '2020-06-27 20:39:30', NULL),
(464, '789c46263f1faa811027364e307eadf3', 13, '2', 0, '2020-06-27 20:39:30', NULL),
(465, '789c46263f1faa811027364e307eadf3', 26, '2', 0, '2020-06-27 20:39:30', NULL),
(466, '789c46263f1faa811027364e307eadf3', 16, '2', 0, '2020-06-27 20:39:30', NULL),
(467, '44a91b402ee798f1362aee28a2f02622', 12, '1', 0, '2020-06-27 20:44:07', NULL),
(468, '44a91b402ee798f1362aee28a2f02622', 3, '3', 0, '2020-06-27 20:44:07', NULL),
(469, '44a91b402ee798f1362aee28a2f02622', 25, '2', 0, '2020-06-27 20:44:07', NULL),
(470, '44a91b402ee798f1362aee28a2f02622', 18, '2', 0, '2020-06-27 20:44:07', NULL),
(471, '44a91b402ee798f1362aee28a2f02622', 2, '2', 1, '2020-06-27 20:44:07', NULL),
(472, '44a91b402ee798f1362aee28a2f02622', 19, '2', 0, '2020-06-27 20:44:07', NULL),
(473, '44a91b402ee798f1362aee28a2f02622', 21, '2', 1, '2020-06-27 20:44:07', NULL),
(474, '44a91b402ee798f1362aee28a2f02622', 5, '2', 0, '2020-06-27 20:44:07', NULL),
(475, '44a91b402ee798f1362aee28a2f02622', 28, '2', 1, '2020-06-27 20:44:07', NULL),
(476, '44a91b402ee798f1362aee28a2f02622', 30, '2', 0, '2020-06-27 20:44:07', NULL),
(477, '44a91b402ee798f1362aee28a2f02622', 7, '2', 1, '2020-06-27 20:44:07', NULL),
(478, '44a91b402ee798f1362aee28a2f02622', 10, '2', 0, '2020-06-27 20:44:07', NULL),
(479, '44a91b402ee798f1362aee28a2f02622', 11, '2', 0, '2020-06-27 20:44:07', NULL),
(480, '44a91b402ee798f1362aee28a2f02622', 24, '2', 0, '2020-06-27 20:44:07', NULL),
(481, '44a91b402ee798f1362aee28a2f02622', 22, '2', 0, '2020-06-27 20:44:07', NULL),
(482, '44a91b402ee798f1362aee28a2f02622', 16, '2', 0, '2020-06-27 20:44:07', NULL),
(483, '44a91b402ee798f1362aee28a2f02622', 13, '2', 0, '2020-06-27 20:44:07', NULL),
(484, '44a91b402ee798f1362aee28a2f02622', 17, '2', 0, '2020-06-27 20:44:07', NULL),
(485, '44a91b402ee798f1362aee28a2f02622', 20, '2', 1, '2020-06-27 20:44:07', NULL),
(486, '44a91b402ee798f1362aee28a2f02622', 8, '2', 0, '2020-06-27 20:44:07', NULL),
(487, '44a91b402ee798f1362aee28a2f02622', 1, '2', 0, '2020-06-27 20:44:07', NULL),
(488, '44a91b402ee798f1362aee28a2f02622', 9, '2', 0, '2020-06-27 20:44:07', NULL),
(489, '44a91b402ee798f1362aee28a2f02622', 14, '2', 1, '2020-06-27 20:44:07', NULL),
(490, '44a91b402ee798f1362aee28a2f02622', 27, '2', 0, '2020-06-27 20:44:07', NULL),
(491, '44a91b402ee798f1362aee28a2f02622', 29, '2', 0, '2020-06-27 20:44:07', NULL),
(492, '44a91b402ee798f1362aee28a2f02622', 15, '2', 0, '2020-06-27 20:44:07', NULL),
(493, '44a91b402ee798f1362aee28a2f02622', 23, '2', 0, '2020-06-27 20:44:07', NULL),
(494, '44a91b402ee798f1362aee28a2f02622', 6, '2', 1, '2020-06-27 20:44:07', NULL),
(495, '44a91b402ee798f1362aee28a2f02622', 4, '2', 1, '2020-06-27 20:44:07', NULL),
(496, '44a91b402ee798f1362aee28a2f02622', 26, '2', 0, '2020-06-27 20:44:07', NULL),
(497, 'ebd119b85268ffa54abf283c315a45ad', 11, '3', 0, '2020-06-27 20:50:41', NULL),
(498, 'ebd119b85268ffa54abf283c315a45ad', 28, '2', 1, '2020-06-27 20:50:41', NULL),
(499, 'ebd119b85268ffa54abf283c315a45ad', 3, '3', 0, '2020-06-27 20:50:41', NULL),
(500, 'ebd119b85268ffa54abf283c315a45ad', 17, '2', 0, '2020-06-27 20:50:41', NULL),
(501, 'ebd119b85268ffa54abf283c315a45ad', 18, '2', 0, '2020-06-27 20:50:41', NULL),
(502, 'ebd119b85268ffa54abf283c315a45ad', 30, '2', 0, '2020-06-27 20:50:41', NULL),
(503, 'ebd119b85268ffa54abf283c315a45ad', 21, '2', 1, '2020-06-27 20:50:41', NULL),
(504, 'ebd119b85268ffa54abf283c315a45ad', 15, '2', 0, '2020-06-27 20:50:41', NULL),
(505, 'ebd119b85268ffa54abf283c315a45ad', 7, '2', 1, '2020-06-27 20:50:41', NULL),
(506, 'ebd119b85268ffa54abf283c315a45ad', 16, '2', 0, '2020-06-27 20:50:41', NULL),
(507, 'ebd119b85268ffa54abf283c315a45ad', 1, '2', 0, '2020-06-27 20:50:41', NULL),
(508, 'ebd119b85268ffa54abf283c315a45ad', 10, '2', 0, '2020-06-27 20:50:41', NULL),
(509, 'ebd119b85268ffa54abf283c315a45ad', 29, '2', 0, '2020-06-27 20:50:41', NULL),
(510, 'ebd119b85268ffa54abf283c315a45ad', 24, '2', 0, '2020-06-27 20:50:41', NULL),
(511, 'ebd119b85268ffa54abf283c315a45ad', 26, '2', 0, '2020-06-27 20:50:41', NULL),
(512, 'ebd119b85268ffa54abf283c315a45ad', 13, '2', 0, '2020-06-27 20:50:41', NULL),
(513, 'ebd119b85268ffa54abf283c315a45ad', 19, '2', 0, '2020-06-27 20:50:41', NULL),
(514, 'ebd119b85268ffa54abf283c315a45ad', 20, '2', 1, '2020-06-27 20:50:41', NULL),
(515, 'ebd119b85268ffa54abf283c315a45ad', 25, '2', 0, '2020-06-27 20:50:41', NULL),
(516, 'ebd119b85268ffa54abf283c315a45ad', 12, '2', 0, '2020-06-27 20:50:41', NULL),
(517, 'ebd119b85268ffa54abf283c315a45ad', 22, '2', 0, '2020-06-27 20:50:41', NULL),
(518, 'ebd119b85268ffa54abf283c315a45ad', 23, '2', 0, '2020-06-27 20:50:41', NULL),
(519, 'ebd119b85268ffa54abf283c315a45ad', 9, '2', 0, '2020-06-27 20:50:41', NULL),
(520, 'ebd119b85268ffa54abf283c315a45ad', 6, '2', 1, '2020-06-27 20:50:41', NULL),
(521, 'ebd119b85268ffa54abf283c315a45ad', 8, '2', 0, '2020-06-27 20:50:41', NULL),
(522, 'ebd119b85268ffa54abf283c315a45ad', 4, '2', 1, '2020-06-27 20:50:41', NULL),
(523, 'ebd119b85268ffa54abf283c315a45ad', 14, '2', 1, '2020-06-27 20:50:41', NULL),
(524, 'ebd119b85268ffa54abf283c315a45ad', 5, '2', 0, '2020-06-27 20:50:41', NULL),
(525, 'ebd119b85268ffa54abf283c315a45ad', 2, '2', 1, '2020-06-27 20:50:41', NULL),
(526, 'ebd119b85268ffa54abf283c315a45ad', 27, '2', 0, '2020-06-27 20:50:41', NULL),
(527, 'b12f48a6060789881782e15d5727099c', 15, '1', 1, '2020-06-27 20:55:16', NULL),
(528, 'b12f48a6060789881782e15d5727099c', 4, '2', 1, '2020-06-27 20:55:16', NULL),
(529, 'b12f48a6060789881782e15d5727099c', 19, '2', 0, '2020-06-27 20:55:16', NULL),
(530, 'b12f48a6060789881782e15d5727099c', 22, '2', 0, '2020-06-27 20:55:16', NULL),
(531, 'b12f48a6060789881782e15d5727099c', 14, '2', 1, '2020-06-27 20:55:16', NULL),
(532, 'b12f48a6060789881782e15d5727099c', 5, '2', 0, '2020-06-27 20:55:16', NULL),
(533, 'b12f48a6060789881782e15d5727099c', 25, '2', 0, '2020-06-27 20:55:16', NULL),
(534, 'b12f48a6060789881782e15d5727099c', 7, '2', 1, '2020-06-27 20:55:16', NULL),
(535, 'b12f48a6060789881782e15d5727099c', 10, '2', 0, '2020-06-27 20:55:16', NULL),
(536, 'b12f48a6060789881782e15d5727099c', 29, '2', 0, '2020-06-27 20:55:16', NULL),
(537, 'b12f48a6060789881782e15d5727099c', 24, '2', 0, '2020-06-27 20:55:16', NULL),
(538, 'b12f48a6060789881782e15d5727099c', 9, '3', 0, '2020-06-27 20:55:16', NULL),
(539, 'b12f48a6060789881782e15d5727099c', 11, '3', 0, '2020-06-27 20:55:16', NULL),
(540, 'b12f48a6060789881782e15d5727099c', 30, '3', 0, '2020-06-27 20:55:16', NULL),
(541, 'b12f48a6060789881782e15d5727099c', 27, '3', 0, '2020-06-27 20:55:16', NULL),
(542, 'b12f48a6060789881782e15d5727099c', 8, '3', 0, '2020-06-27 20:55:16', NULL),
(543, 'b12f48a6060789881782e15d5727099c', 18, '3', 0, '2020-06-27 20:55:16', NULL),
(544, 'b12f48a6060789881782e15d5727099c', 2, '3', 0, '2020-06-27 20:55:16', NULL),
(545, 'b12f48a6060789881782e15d5727099c', 6, '3', 0, '2020-06-27 20:55:16', NULL),
(546, 'b12f48a6060789881782e15d5727099c', 21, '3', 0, '2020-06-27 20:55:16', NULL),
(547, 'b12f48a6060789881782e15d5727099c', 28, '3', 0, '2020-06-27 20:55:16', NULL),
(548, 'b12f48a6060789881782e15d5727099c', 1, '3', 0, '2020-06-27 20:55:16', NULL),
(549, 'b12f48a6060789881782e15d5727099c', 23, '3', 0, '2020-06-27 20:55:16', NULL),
(550, 'b12f48a6060789881782e15d5727099c', 3, '3', 0, '2020-06-27 20:55:16', NULL),
(551, 'b12f48a6060789881782e15d5727099c', 12, '3', 0, '2020-06-27 20:55:16', NULL),
(552, 'b12f48a6060789881782e15d5727099c', 17, '3', 0, '2020-06-27 20:55:16', NULL),
(553, 'b12f48a6060789881782e15d5727099c', 16, '3', 0, '2020-06-27 20:55:16', NULL),
(554, 'b12f48a6060789881782e15d5727099c', 13, '3', 0, '2020-06-27 20:55:16', NULL),
(555, 'b12f48a6060789881782e15d5727099c', 26, '1', 1, '2020-06-27 20:55:16', NULL),
(556, 'b12f48a6060789881782e15d5727099c', 20, '1', 0, '2020-06-27 20:55:16', NULL),
(557, '73cf62c491fabcb1832e6683ef53103f', 18, '1', 1, '2020-06-27 20:59:55', NULL),
(558, '73cf62c491fabcb1832e6683ef53103f', 26, '1', 1, '2020-06-27 20:59:55', NULL),
(559, '73cf62c491fabcb1832e6683ef53103f', 29, '1', 0, '2020-06-27 20:59:55', NULL),
(560, '73cf62c491fabcb1832e6683ef53103f', 3, '1', 0, '2020-06-27 20:59:55', NULL),
(561, '73cf62c491fabcb1832e6683ef53103f', 9, '1', 1, '2020-06-27 20:59:55', NULL),
(562, '73cf62c491fabcb1832e6683ef53103f', 23, '3', 0, '2020-06-27 20:59:55', NULL),
(563, '73cf62c491fabcb1832e6683ef53103f', 6, '1', 0, '2020-06-27 20:59:55', NULL),
(564, '73cf62c491fabcb1832e6683ef53103f', 14, '3', 0, '2020-06-27 20:59:55', NULL),
(565, '73cf62c491fabcb1832e6683ef53103f', 1, '1', 1, '2020-06-27 20:59:55', NULL),
(566, '73cf62c491fabcb1832e6683ef53103f', 21, '3', 0, '2020-06-27 20:59:55', NULL),
(567, '73cf62c491fabcb1832e6683ef53103f', 28, '1', 0, '2020-06-27 20:59:55', NULL),
(568, '73cf62c491fabcb1832e6683ef53103f', 30, '3', 0, '2020-06-27 20:59:55', NULL),
(569, '73cf62c491fabcb1832e6683ef53103f', 7, '1', 0, '2020-06-27 20:59:55', NULL),
(570, '73cf62c491fabcb1832e6683ef53103f', 10, '2', 0, '2020-06-27 20:59:55', NULL),
(571, '73cf62c491fabcb1832e6683ef53103f', 4, '4', 0, '2020-06-27 20:59:55', NULL),
(572, '73cf62c491fabcb1832e6683ef53103f', 8, '2', 0, '2020-06-27 20:59:55', NULL),
(573, '73cf62c491fabcb1832e6683ef53103f', 15, '2', 0, '2020-06-27 20:59:55', NULL),
(574, '73cf62c491fabcb1832e6683ef53103f', 12, '4', 1, '2020-06-27 20:59:55', NULL),
(575, '73cf62c491fabcb1832e6683ef53103f', 13, '2', 0, '2020-06-27 20:59:55', NULL),
(576, '73cf62c491fabcb1832e6683ef53103f', 20, '2', 1, '2020-06-27 20:59:55', NULL),
(577, '73cf62c491fabcb1832e6683ef53103f', 17, '2', 0, '2020-06-27 20:59:55', NULL),
(578, '73cf62c491fabcb1832e6683ef53103f', 24, '2', 0, '2020-06-27 20:59:55', NULL),
(579, '73cf62c491fabcb1832e6683ef53103f', 11, '2', 0, '2020-06-27 20:59:55', NULL),
(580, '73cf62c491fabcb1832e6683ef53103f', 2, '2', 1, '2020-06-27 20:59:55', NULL),
(581, '73cf62c491fabcb1832e6683ef53103f', 25, '2', 0, '2020-06-27 20:59:55', NULL),
(582, '73cf62c491fabcb1832e6683ef53103f', 22, '2', 0, '2020-06-27 20:59:55', NULL),
(583, '73cf62c491fabcb1832e6683ef53103f', 16, '3', 0, '2020-06-27 20:59:55', NULL),
(584, '73cf62c491fabcb1832e6683ef53103f', 27, '2', 0, '2020-06-27 20:59:55', NULL),
(585, '73cf62c491fabcb1832e6683ef53103f', 19, '2', 0, '2020-06-27 20:59:55', NULL),
(586, '73cf62c491fabcb1832e6683ef53103f', 5, '2', 0, '2020-06-27 20:59:55', NULL),
(587, 'e3e6540f543a1b6e8ec20041b72c8202', 13, '1', 0, '2020-06-27 21:04:23', NULL),
(588, 'e3e6540f543a1b6e8ec20041b72c8202', 16, '3', 0, '2020-06-27 21:04:23', NULL),
(589, 'e3e6540f543a1b6e8ec20041b72c8202', 30, '1', 1, '2020-06-27 21:04:23', NULL),
(590, 'e3e6540f543a1b6e8ec20041b72c8202', 19, '3', 0, '2020-06-27 21:04:23', NULL),
(591, 'e3e6540f543a1b6e8ec20041b72c8202', 25, '1', 0, '2020-06-27 21:04:23', NULL),
(592, 'e3e6540f543a1b6e8ec20041b72c8202', 21, '3', 0, '2020-06-27 21:04:23', NULL),
(593, 'e3e6540f543a1b6e8ec20041b72c8202', 7, '1', 0, '2020-06-27 21:04:23', NULL),
(594, 'e3e6540f543a1b6e8ec20041b72c8202', 12, '3', 0, '2020-06-27 21:04:23', NULL),
(595, 'e3e6540f543a1b6e8ec20041b72c8202', 28, '1', 0, '2020-06-27 21:04:23', NULL),
(596, 'e3e6540f543a1b6e8ec20041b72c8202', 23, '3', 0, '2020-06-27 21:04:23', NULL),
(597, 'e3e6540f543a1b6e8ec20041b72c8202', 11, '1', 0, '2020-06-27 21:04:23', NULL),
(598, 'e3e6540f543a1b6e8ec20041b72c8202', 9, '3', 0, '2020-06-27 21:04:23', NULL),
(599, 'e3e6540f543a1b6e8ec20041b72c8202', 5, '1', 0, '2020-06-27 21:04:23', NULL),
(600, 'e3e6540f543a1b6e8ec20041b72c8202', 22, '3', 0, '2020-06-27 21:04:23', NULL),
(601, 'e3e6540f543a1b6e8ec20041b72c8202', 8, '1', 1, '2020-06-27 21:04:23', NULL),
(602, 'e3e6540f543a1b6e8ec20041b72c8202', 24, '3', 1, '2020-06-27 21:04:23', NULL),
(603, 'e3e6540f543a1b6e8ec20041b72c8202', 10, '1', 1, '2020-06-27 21:04:23', NULL),
(604, 'e3e6540f543a1b6e8ec20041b72c8202', 3, '3', 0, '2020-06-27 21:04:23', NULL),
(605, 'e3e6540f543a1b6e8ec20041b72c8202', 26, '1', 1, '2020-06-27 21:04:23', NULL),
(606, 'e3e6540f543a1b6e8ec20041b72c8202', 20, '3', 0, '2020-06-27 21:04:23', NULL),
(607, 'e3e6540f543a1b6e8ec20041b72c8202', 14, '1', 0, '2020-06-27 21:04:23', NULL),
(608, 'e3e6540f543a1b6e8ec20041b72c8202', 15, '3', 0, '2020-06-27 21:04:23', NULL),
(609, 'e3e6540f543a1b6e8ec20041b72c8202', 29, '1', 0, '2020-06-27 21:04:23', NULL),
(610, 'e3e6540f543a1b6e8ec20041b72c8202', 17, '1', 1, '2020-06-27 21:04:23', NULL),
(611, 'e3e6540f543a1b6e8ec20041b72c8202', 2, '3', 0, '2020-06-27 21:04:23', NULL);
INSERT INTO `exam_questions` (`id`, `exam_token`, `question_id`, `candidate_answer`, `candidate_answer_status`, `created_at`, `updated_at`) VALUES
(612, 'e3e6540f543a1b6e8ec20041b72c8202', 1, '1', 1, '2020-06-27 21:04:23', NULL),
(613, 'e3e6540f543a1b6e8ec20041b72c8202', 6, '3', 0, '2020-06-27 21:04:23', NULL),
(614, 'e3e6540f543a1b6e8ec20041b72c8202', 27, '3', 0, '2020-06-27 21:04:23', NULL),
(615, 'e3e6540f543a1b6e8ec20041b72c8202', 4, '1', 0, '2020-06-27 21:04:23', NULL),
(616, 'e3e6540f543a1b6e8ec20041b72c8202', 18, '3', 0, '2020-06-27 21:04:23', NULL),
(617, 'b3f6573e63771d017d329e377d9fb467', 31, '3', 0, '2020-06-28 11:58:32', NULL),
(618, 'efb7eaa7898c713a5ca3c6dea539933a', 31, '1', 0, '2020-06-28 11:59:22', NULL),
(619, '0daf2d6d07adb9b5580913b937c0982c', 31, '1', 0, '2020-06-28 12:02:24', NULL),
(620, '1f6bd82647e451f542b1c986a388827c', 31, '1', 0, '2020-06-28 12:07:29', NULL),
(621, '3fd99afde28edd064fce2ff5b4015920', 31, '1', 0, '2020-06-28 12:11:16', NULL),
(622, 'a58aab5a057288ca3a35cd8ff1a434a4', 31, '1', 0, '2020-06-28 12:12:17', NULL),
(623, '5f1efd6e552ebd9bb0d820e8a9a6d8a3', 31, '1', 0, '2020-06-28 12:15:31', NULL),
(624, 'c962a32cf29493c433add2298e9b1c0a', 31, '1', 0, '2020-06-28 12:18:10', NULL),
(625, 'fc250f0265556c5038155c6930538011', 31, '1', 0, '2020-06-28 12:27:44', NULL),
(626, 'e0d9a5be1cc89b7f5ca078f471298f1b', 31, '3', 0, '2020-06-28 12:30:43', NULL),
(627, 'b81605e180e942266786b20692886340', 31, '1', 0, '2020-06-28 12:41:55', NULL),
(628, 'd99a0f232b2708a26d9c860929193ac9', 31, '1', 0, '2020-06-28 12:44:43', NULL),
(629, '7564086044c191a816caff404612e404', 31, '1', 0, '2020-06-28 12:45:46', NULL),
(630, 'fb5b8f8bb9f3dc7191a3201ff548de33', 31, '1', 0, '2020-06-28 12:52:48', NULL),
(631, 'f0a5acadb5590bc696672803b3d9baac', 31, '1', 0, '2020-06-28 12:56:33', NULL),
(632, '000577c4b7bea370b334f14f2c1acd78', 31, '1', 0, '2020-06-28 12:58:07', NULL),
(633, 'd0113c7aaba8163bceacea8522cc263b', 31, '1', 0, '2020-06-28 12:59:28', NULL),
(634, 'dccba6b0a2cd2aad6275693300842155', 31, '1', 0, '2020-06-28 13:00:32', NULL),
(635, '2288d00430bfcd41715b3e8c9dad2852', 31, '1', 0, '2020-06-28 13:05:33', NULL),
(636, 'df89eef1709dcfad67fb5ce369ec817b', 31, '1', 0, '2020-06-28 13:19:20', NULL),
(637, '7ae6af0908ee1ef3aa0cf102e1707379', 31, '1', 0, '2020-06-28 13:21:13', NULL),
(638, '90a62af3722feff79b6dd594f41076a4', 31, '1', 0, '2020-06-28 13:33:24', NULL),
(639, 'b74c4bccf86c6215edb1ab9c8280b05d', 31, '1', 0, '2020-06-28 13:55:49', NULL),
(640, 'ac9189dfdb6de2fc6c97cdf08b3e2b00', 31, '1', 0, '2020-06-28 14:02:22', NULL),
(641, '2112241dbb48a20c199d9dd0ce230f46', 31, '1', 0, '2020-06-28 14:26:00', NULL),
(642, '9bd46ae64fb445f8077f37e0cadc824a', 31, '3', 0, '2020-06-28 14:30:34', NULL),
(643, 'f32fc287b1d8bb631b19335e5637e7e1', 31, '1', 0, '2020-06-28 14:35:01', NULL),
(644, '9172ebce7f78f29e565a2209806a20b0', 31, '1', 0, '2020-06-28 14:36:42', NULL),
(645, 'f864edf3d417a48221854c5e28f314bb', 31, '1', 0, '2020-06-28 14:38:02', NULL),
(646, '76f48c552b5577fd9e0654668aff702a', 31, '1', 0, '2020-06-28 14:39:00', NULL),
(647, '0e3e8031a9cd40f6128dfc61c8ceccb1', 31, '1', 0, '2020-06-28 14:40:11', NULL),
(648, '9d0e2c4ce26733f7257a36f0eeb283bc', 31, '1', 0, '2020-06-28 14:41:21', NULL),
(649, '0ed1d2d355ee0c50ada65cd87e7ab8ac', 31, '1', 0, '2020-06-28 14:42:27', NULL);

-- --------------------------------------------------------

--
-- Table structure for table `exam_settings`
--

DROP TABLE IF EXISTS `exam_settings`;
CREATE TABLE IF NOT EXISTS `exam_settings` (
  `id` int(11) NOT NULL AUTO_INCREMENT,
  `no_of_question` varchar(50) DEFAULT NULL,
  `total_time` varchar(50) DEFAULT NULL,
  `each_marks` varchar(50) DEFAULT NULL,
  `created_at` timestamp NOT NULL DEFAULT current_timestamp(),
  `updated_at` timestamp NULL DEFAULT NULL,
  PRIMARY KEY (`id`)
) ENGINE=InnoDB AUTO_INCREMENT=2 DEFAULT CHARSET=utf8;

--
-- Dumping data for table `exam_settings`
--

INSERT INTO `exam_settings` (`id`, `no_of_question`, `total_time`, `each_marks`, `created_at`, `updated_at`) VALUES
(1, '30', '30', '1', '2019-03-04 13:28:54', '2020-06-22 10:45:41');

-- --------------------------------------------------------

--
-- Table structure for table `general_settings`
--

DROP TABLE IF EXISTS `general_settings`;
CREATE TABLE IF NOT EXISTS `general_settings` (
  `id` int(11) NOT NULL AUTO_INCREMENT,
  `site_name` varchar(255) CHARACTER SET utf8 DEFAULT NULL,
  `site_tagline` varchar(255) CHARACTER SET utf8 DEFAULT NULL,
  `site_logo` varchar(200) DEFAULT NULL,
  `site_favicon` varchar(200) DEFAULT NULL,
  `site_description` longtext CHARACTER SET utf8 DEFAULT NULL,
  `site_footer_text` varchar(255) CHARACTER SET utf8 DEFAULT NULL,
  `created_by` int(11) NOT NULL DEFAULT 0,
  `updated_by` int(11) NOT NULL DEFAULT 0,
  `created_at` timestamp NOT NULL DEFAULT current_timestamp(),
  `updated_at` timestamp NULL DEFAULT NULL,
  PRIMARY KEY (`id`)
) ENGINE=InnoDB AUTO_INCREMENT=2 DEFAULT CHARSET=latin1;

--
-- Dumping data for table `general_settings`
--

INSERT INTO `general_settings` (`id`, `site_name`, `site_tagline`, `site_logo`, `site_favicon`, `site_description`, `site_footer_text`, `created_by`, `updated_by`, `created_at`, `updated_at`) VALUES
(1, 'Online Exam Portal', '', 'site_logo_1592763547.jpg', 'site_favicon_1547533367.png', '', 'Copyright online exam portal  All rights reserved || Developed by Web World Tech', 0, 0, '2019-01-15 00:26:27', '2020-06-22 09:55:23');

-- --------------------------------------------------------

--
-- Table structure for table `languages`
--

DROP TABLE IF EXISTS `languages`;
CREATE TABLE IF NOT EXISTS `languages` (
  `id` int(11) NOT NULL AUTO_INCREMENT,
  `name` varchar(255) DEFAULT NULL,
  `scode` varchar(100) DEFAULT NULL,
  `status` tinyint(4) NOT NULL DEFAULT 1,
  `created_at` timestamp NOT NULL DEFAULT current_timestamp(),
  `updated_at` timestamp NULL DEFAULT NULL,
  PRIMARY KEY (`id`)
) ENGINE=InnoDB AUTO_INCREMENT=3 DEFAULT CHARSET=utf8;

--
-- Dumping data for table `languages`
--

INSERT INTO `languages` (`id`, `name`, `scode`, `status`, `created_at`, `updated_at`) VALUES
(1, 'English', 'EN', 1, '2019-02-22 18:30:00', NULL),
(2, 'Marathi ()', 'MRT', 1, '2019-02-22 18:30:00', NULL);

-- --------------------------------------------------------

--
-- Table structure for table `links`
--

DROP TABLE IF EXISTS `links`;
CREATE TABLE IF NOT EXISTS `links` (
  `id` int(11) NOT NULL AUTO_INCREMENT,
  `link` text DEFAULT NULL,
  `start_date` date DEFAULT NULL,
  `start_time` time DEFAULT NULL,
  `end_time` time DEFAULT NULL,
  `username` varchar(200) DEFAULT NULL,
  `password` varchar(100) DEFAULT NULL,
  `created_at` timestamp NOT NULL DEFAULT current_timestamp(),
  `updated_at` timestamp NULL DEFAULT NULL,
  `status` int(11) NOT NULL DEFAULT 1,
  PRIMARY KEY (`id`)
) ENGINE=InnoDB AUTO_INCREMENT=44 DEFAULT CHARSET=utf8;

--
-- Dumping data for table `links`
--

INSERT INTO `links` (`id`, `link`, `start_date`, `start_time`, `end_time`, `username`, `password`, `created_at`, `updated_at`, `status`) VALUES
(37, 'test-english-gk', '2020-06-24', '10:00:00', '22:00:00', 'webworldtech', '1234567', '2020-06-22 10:47:39', '2020-06-22 10:47:39', 1),
(38, 'test-english1-gk', '2020-06-24', '18:00:00', '19:26:00', 'admin', '123456', '2020-06-24 09:27:26', '2020-06-24 09:27:26', 1),
(39, 'gk2', '2020-06-26', '12:00:00', '13:51:00', 'admin', '123456', '2020-06-26 09:52:52', '2020-06-26 09:52:52', 1),
(40, 'aritest', '2020-06-29', '15:12:00', '17:12:00', 'admin', '123456', '2020-06-29 09:42:58', '2020-06-29 09:42:58', 1),
(42, 'test-link-23-7-20', '2020-07-23', '20:00:00', '23:58:00', '123', '123', '2020-07-23 14:29:04', '2020-07-23 14:32:34', 1),
(43, 'dsfdg', '2020-07-23', '22:18:00', '00:12:00', '23', '23', '2020-07-23 16:42:59', '2020-07-23 16:42:59', 1);

-- --------------------------------------------------------

--
-- Table structure for table `link_question_map`
--

DROP TABLE IF EXISTS `link_question_map`;
CREATE TABLE IF NOT EXISTS `link_question_map` (
  `id` int(11) NOT NULL AUTO_INCREMENT,
  `link_id` int(11) NOT NULL DEFAULT 0,
  `question_id` int(11) NOT NULL DEFAULT 0,
  `created_at` timestamp NOT NULL DEFAULT current_timestamp(),
  `updated_at` timestamp NULL DEFAULT NULL,
  PRIMARY KEY (`id`)
) ENGINE=InnoDB AUTO_INCREMENT=88 DEFAULT CHARSET=utf8;

--
-- Dumping data for table `link_question_map`
--

INSERT INTO `link_question_map` (`id`, `link_id`, `question_id`, `created_at`, `updated_at`) VALUES
(1, 37, 30, '2020-06-22 07:18:47', NULL),
(2, 37, 29, '2020-06-22 07:18:47', NULL),
(3, 37, 28, '2020-06-22 07:18:47', NULL),
(4, 37, 27, '2020-06-22 07:18:47', NULL),
(5, 37, 26, '2020-06-22 07:18:47', NULL),
(6, 37, 25, '2020-06-22 07:18:47', NULL),
(7, 37, 24, '2020-06-22 07:18:47', NULL),
(8, 37, 23, '2020-06-22 07:18:47', NULL),
(9, 37, 22, '2020-06-22 07:18:47', NULL),
(10, 37, 21, '2020-06-22 07:18:47', NULL),
(11, 37, 20, '2020-06-22 07:18:47', NULL),
(12, 37, 19, '2020-06-22 07:18:47', NULL),
(13, 37, 18, '2020-06-22 07:18:47', NULL),
(14, 37, 17, '2020-06-22 07:18:47', NULL),
(15, 37, 16, '2020-06-22 07:18:47', NULL),
(16, 37, 15, '2020-06-22 07:18:47', NULL),
(17, 37, 14, '2020-06-22 07:18:47', NULL),
(18, 37, 13, '2020-06-22 07:18:47', NULL),
(19, 37, 12, '2020-06-22 07:18:47', NULL),
(20, 37, 11, '2020-06-22 07:18:47', NULL),
(21, 37, 10, '2020-06-22 07:18:47', NULL),
(22, 37, 9, '2020-06-22 07:18:47', NULL),
(23, 37, 8, '2020-06-22 07:18:47', NULL),
(24, 37, 7, '2020-06-22 07:18:47', NULL),
(25, 37, 6, '2020-06-22 07:18:47', NULL),
(26, 37, 5, '2020-06-22 07:19:06', NULL),
(27, 37, 4, '2020-06-22 07:19:06', NULL),
(28, 37, 3, '2020-06-22 07:19:06', NULL),
(29, 37, 2, '2020-06-22 07:19:06', NULL),
(30, 37, 1, '2020-06-22 07:19:06', NULL),
(31, 38, 5, '2020-06-24 05:58:44', NULL),
(32, 38, 4, '2020-06-24 05:58:44', NULL),
(33, 38, 3, '2020-06-24 05:58:44', NULL),
(34, 38, 2, '2020-06-24 05:58:44', NULL),
(35, 38, 1, '2020-06-24 05:58:44', NULL),
(36, 38, 30, '2020-06-24 05:59:42', NULL),
(37, 38, 29, '2020-06-24 05:59:42', NULL),
(38, 38, 28, '2020-06-24 05:59:42', NULL),
(39, 38, 27, '2020-06-24 05:59:42', NULL),
(40, 38, 26, '2020-06-24 05:59:42', NULL),
(41, 38, 25, '2020-06-24 05:59:42', NULL),
(42, 38, 24, '2020-06-24 05:59:42', NULL),
(43, 38, 23, '2020-06-24 05:59:42', NULL),
(44, 38, 22, '2020-06-24 05:59:42', NULL),
(45, 38, 21, '2020-06-24 05:59:42', NULL),
(46, 38, 20, '2020-06-24 05:59:42', NULL),
(47, 38, 19, '2020-06-24 05:59:42', NULL),
(48, 38, 18, '2020-06-24 05:59:42', NULL),
(49, 38, 17, '2020-06-24 05:59:42', NULL),
(50, 38, 16, '2020-06-24 05:59:42', NULL),
(51, 38, 15, '2020-06-24 05:59:42', NULL),
(52, 38, 14, '2020-06-24 05:59:42', NULL),
(53, 38, 13, '2020-06-24 05:59:42', NULL),
(54, 38, 12, '2020-06-24 05:59:42', NULL),
(55, 38, 11, '2020-06-24 05:59:42', NULL),
(56, 38, 10, '2020-06-24 05:59:42', NULL),
(57, 38, 9, '2020-06-24 05:59:42', NULL),
(58, 38, 8, '2020-06-24 05:59:42', NULL),
(59, 38, 7, '2020-06-24 05:59:42', NULL),
(60, 38, 6, '2020-06-24 05:59:42', NULL),
(61, 39, 30, '2020-06-26 06:24:00', NULL),
(62, 39, 29, '2020-06-26 06:24:00', NULL),
(63, 39, 28, '2020-06-26 06:24:00', NULL),
(64, 39, 27, '2020-06-26 06:24:00', NULL),
(65, 39, 26, '2020-06-26 06:24:00', NULL),
(66, 39, 25, '2020-06-26 06:24:00', NULL),
(67, 39, 24, '2020-06-26 06:24:00', NULL),
(68, 39, 23, '2020-06-26 06:24:00', NULL),
(69, 39, 22, '2020-06-26 06:24:00', NULL),
(70, 39, 21, '2020-06-26 06:24:00', NULL),
(71, 39, 20, '2020-06-26 06:24:00', NULL),
(72, 39, 19, '2020-06-26 06:24:00', NULL),
(73, 39, 18, '2020-06-26 06:24:00', NULL),
(74, 39, 17, '2020-06-26 06:24:00', NULL),
(75, 39, 16, '2020-06-26 06:24:00', NULL),
(76, 39, 15, '2020-06-26 06:24:00', NULL),
(77, 39, 14, '2020-06-26 06:24:00', NULL),
(78, 39, 13, '2020-06-26 06:24:00', NULL),
(79, 39, 12, '2020-06-26 06:24:00', NULL),
(80, 39, 11, '2020-06-26 06:24:00', NULL),
(81, 39, 10, '2020-06-26 06:24:00', NULL),
(82, 39, 9, '2020-06-26 06:24:00', NULL),
(83, 39, 8, '2020-06-26 06:24:00', NULL),
(84, 39, 7, '2020-06-26 06:24:00', NULL),
(85, 39, 6, '2020-06-26 06:24:00', NULL),
(86, 42, 31, '2020-07-23 14:29:14', NULL),
(87, 42, 30, '2020-07-23 14:29:14', NULL);

-- --------------------------------------------------------

--
-- Table structure for table `otp_master`
--

DROP TABLE IF EXISTS `otp_master`;
CREATE TABLE IF NOT EXISTS `otp_master` (
  `id` int(11) NOT NULL AUTO_INCREMENT,
  `user_id` int(11) NOT NULL DEFAULT 0,
  `otp_number` varchar(100) DEFAULT NULL,
  `created_at` timestamp NOT NULL DEFAULT current_timestamp(),
  `updated_at` timestamp NULL DEFAULT NULL,
  PRIMARY KEY (`id`)
) ENGINE=InnoDB DEFAULT CHARSET=utf8;

-- --------------------------------------------------------

--
-- Table structure for table `questions`
--

DROP TABLE IF EXISTS `questions`;
CREATE TABLE IF NOT EXISTS `questions` (
  `id` int(11) NOT NULL AUTO_INCREMENT,
  `language_id` int(11) NOT NULL DEFAULT 0,
  `subject_id` int(11) NOT NULL DEFAULT 0,
  `name` longtext DEFAULT NULL,
  `op1` longtext DEFAULT NULL,
  `op2` longtext DEFAULT NULL,
  `op3` longtext DEFAULT NULL,
  `op4` longtext DEFAULT NULL,
  `op5` longtext DEFAULT NULL,
  `op6` longtext DEFAULT NULL,
  `answer` tinyint(4) NOT NULL DEFAULT 0,
  `status` tinyint(4) NOT NULL DEFAULT 1,
  `is_image` tinyint(4) NOT NULL DEFAULT 0,
  `image` text DEFAULT NULL,
  `created_at` timestamp NOT NULL DEFAULT current_timestamp(),
  `updated_at` timestamp NULL DEFAULT NULL,
  PRIMARY KEY (`id`)
) ENGINE=InnoDB AUTO_INCREMENT=32 DEFAULT CHARSET=utf8;

--
-- Dumping data for table `questions`
--

INSERT INTO `questions` (`id`, `language_id`, `subject_id`, `name`, `op1`, `op2`, `op3`, `op4`, `op5`, `op6`, `answer`, `status`, `is_image`, `image`, `created_at`, `updated_at`) VALUES
(1, 1, 40, '&lt;p&gt;&amp;nbsp;Grand Central Terminal, Park Avenue, New York is the world&amp;#39;s&amp;nbsp;&lt;/p&gt;', 'largest railway station', 'highest railway station', 'longest railway station', 'None of the above', '', '', 1, 1, 0, NULL, '2020-06-22 10:01:53', '2020-06-22 10:14:47'),
(2, 1, 40, '&lt;p&gt;Entomology is the science that studies&lt;/p&gt;', 'Behavior of human beings', 'Insects', 'The origin and history of technical and scientific terms', 'The formation of rocks', '', '', 2, 1, 0, NULL, '2020-06-22 10:03:19', '2020-06-22 10:03:19'),
(3, 1, 40, '&lt;p&gt;Eritrea, which became the 182nd member of the UN in 1993, is in the continent of&lt;/p&gt;', 'Asia', 'Africa', 'Europe', 'Australia', '', '', 2, 1, 0, NULL, '2020-06-22 10:04:33', '2020-06-22 10:04:33'),
(4, 1, 40, '&lt;p&gt;Garampani sanctuary is located at&lt;/p&gt;', 'Junagarh, Gujarat', 'Diphu, Assam', 'Kohima, Nagaland', 'Gangtok, Sikkim', '', '', 2, 1, 0, NULL, '2020-06-22 10:05:54', '2020-06-22 10:05:54'),
(5, 1, 40, '&lt;p&gt;For which of the following disciplines is Nobel Prize awarded?&lt;/p&gt;', 'Physics and Chemistry', 'Physiology or Medicine', 'Literature, Peace and Economics', 'All of the above', '', '', 4, 1, 0, NULL, '2020-06-22 10:07:10', '2020-06-22 10:07:10'),
(6, 1, 40, '&lt;p&gt;Hitler party which came into power in 1933 is known as&lt;/p&gt;', 'Labour Party', 'Nazi Party', 'Ku-Klux-Klan', 'Democratic Party', '', '', 2, 1, 0, NULL, '2020-06-22 10:08:18', '2020-06-22 10:08:18'),
(7, 1, 40, '&lt;p&gt;FFC stands for&lt;/p&gt;', 'Foreign Finance Corporation', 'Film Finance Corporation', 'Federation of Football Council', 'None of the above', '', '', 2, 1, 0, NULL, '2020-06-22 10:10:02', '2020-06-22 10:10:02'),
(8, 1, 40, '&lt;p&gt;Fastest shorthand writer was&lt;/p&gt;', 'Dr. G. D. Bist', 'J.R.D. Tata', 'J.M. Tagore', 'Khudada Khan', '', '', 1, 1, 0, NULL, '2020-06-22 10:11:12', '2020-06-22 10:11:12'),
(9, 1, 40, '&lt;p&gt;Epsom (England) is the place associated with&lt;/p&gt;', 'Horse racing', 'Polo', 'Shooting', 'Snooker', '', '', 1, 1, 0, NULL, '2020-06-22 10:12:32', '2020-06-22 10:12:32'),
(10, 1, 40, '&lt;p&gt;First human heart transplant operation conducted by Dr. Christiaan Barnard on Louis Washkansky, was conducted in&lt;/p&gt;', '1967', '1968', '1958', '1922', '', '', 1, 1, 0, NULL, '2020-06-22 10:14:19', '2020-06-22 10:14:19'),
(11, 1, 40, '&lt;p&gt;Galileo was an Italian astronomer who&lt;/p&gt;', 'developed the telescope', 'discovered four satellites of Jupiter', 'discovered that the movement of pendulum produces a regular time measurement', 'All of the above', '', '', 4, 1, 0, NULL, '2020-06-22 10:16:32', '2020-06-22 10:16:32'),
(12, 1, 40, '&lt;p&gt;Habeas Corpus Act 1679&lt;/p&gt;', 'states that no one was to be imprisoned without a writ or warrant stating the charge against him', 'provided facilities to a prisoner to obtain either speedy trial or release in bail', 'safeguarded the personal liberties of the people against arbitrary imprisonment by the king&#039;s orders', 'All of the above', '', '', 4, 1, 0, NULL, '2020-06-22 10:17:44', '2020-06-22 10:17:44'),
(13, 1, 40, '&lt;p&gt;Exposure to sunlight helps a person improve his health because&lt;/p&gt;', 'the infrared light kills bacteria in the body', 'resistance power increases', 'the pigment cells in the skin get stimulated and produce a healthy tan', 'the ultraviolet rays convert skin oil into Vitamin D', '', '', 4, 1, 0, NULL, '2020-06-22 10:18:56', '2020-06-22 10:18:56'),
(14, 1, 40, '&lt;p&gt;Golf player Vijay Singh belongs to which country?&lt;/p&gt;', 'USA', 'Fijian', 'India', 'UK', '', '', 2, 1, 0, NULL, '2020-06-22 10:20:49', '2020-06-22 10:20:49'),
(15, 1, 40, '&lt;p&gt;Guarantee to an exporter that the importer of his goods will pay immediately for the goods ordered by him, is known as&lt;/p&gt;', 'Letter of Credit (L/C)', 'laissezfaire', 'inflation', 'None of the above', '', '', 1, 1, 0, NULL, '2020-06-22 10:22:17', '2020-06-22 10:22:17'),
(16, 1, 40, '&lt;p&gt;First Afghan War took place in&lt;/p&gt;', '1839', '1843', '1833', '1848', '', '', 1, 1, 0, NULL, '2020-06-22 10:23:24', '2020-06-22 10:23:24'),
(17, 1, 40, '&lt;p&gt;Gulf cooperation council was originally formed by&lt;/p&gt;', 'Bahrain, Kuwait, Oman, Qatar, Saudi Arabia and United Arab Emirates', 'Second World Nations', 'Third World Nations', 'Fourth World Nations', '', '', 1, 1, 0, NULL, '2020-06-22 10:24:31', '2020-06-22 10:24:31'),
(18, 1, 40, '&lt;p&gt;First China War was fought between&lt;/p&gt;', 'China and Britain', 'China and France', 'China and Egypt', 'China and Greek', '', '', 1, 1, 0, NULL, '2020-06-22 10:25:36', '2020-06-22 10:25:36'),
(19, 1, 40, '&lt;p&gt;Dumping is&lt;/p&gt;', 'selling of goods abroad at a price well below the production cost at the home market price', 'the process by which the supply of a manufacture&#039;s product remains low in the domestic market, which batches him better price', 'prohibited by regulations of GATT', 'All of the above', '', '', 4, 1, 0, NULL, '2020-06-22 10:26:56', '2020-06-22 10:26:56'),
(20, 1, 40, '&lt;p&gt;For the Olympics and World Tournaments, the dimensions of basketball court are&lt;/p&gt;', '26 m x 14 m', '28 m x 15 m', '27 m x 16 m', '28 m x 16 m', '', '', 2, 1, 0, NULL, '2020-06-22 10:28:14', '2020-06-22 10:28:14'),
(21, 1, 40, '&lt;p&gt;Federation Cup, World Cup, Allywyn International Trophy and Challenge Cup are awarded to winners of&lt;/p&gt;', 'Tennis', 'Volleyball', 'Basketball', 'Cricket', '', '', 2, 1, 0, NULL, '2020-06-22 10:29:23', '2020-06-22 10:29:23'),
(22, 1, 40, '&lt;p&gt;Each year World Red Cross and Red Crescent Day is celebrated on&lt;/p&gt;', 'May 8', 'May 18', 'June 8', 'June 18', '', '', 1, 1, 0, NULL, '2020-06-22 10:32:07', '2020-06-22 10:32:07'),
(23, 1, 40, '&lt;p&gt;Famous sculptures depicting art of love built some time in 950 AD  1050 AD are&lt;/p&gt;', 'Khajuraho temples', 'Jama Masjid', 'Sun temple', 'Mahabalipuram temples', '', '', 1, 1, 0, NULL, '2020-06-22 10:33:38', '2020-06-22 10:33:38'),
(24, 1, 40, '&lt;p&gt;Gravity setting chambers are used in industries to remove&lt;/p&gt;', 'SOx', 'NOx', 'suspended particulate matter', 'CO', '', '', 3, 1, 0, NULL, '2020-06-22 10:34:54', '2020-06-22 10:34:54'),
(25, 1, 40, '&lt;p&gt;Guwahati High Court is the judicature of&lt;/p&gt;', 'Nagaland', 'Arunachal Pradesh', 'Assam', 'All of the above', '', '', 4, 1, 0, NULL, '2020-06-22 10:37:05', '2020-06-22 10:37:05'),
(26, 1, 40, '&lt;p&gt;Friction can be reduced by changing from&lt;/p&gt;', 'sliding to rolling', 'rolling to sliding', 'potential energy to kinetic energy', 'dynamic to static', '', '', 1, 1, 0, NULL, '2020-06-22 10:39:04', '2020-06-22 10:39:04'),
(27, 1, 40, '&lt;p&gt;During eleventh Antarctic Expedition in Nov. 1991/March 1992 ____ was installed.&lt;/p&gt;', 'SODAR (SOnic Detection And Ranging)', 'Second Permanent Station &#039;Maitree&#039;', 'First permanent station &#039;Dakshin Gangotri&#039;', 'None of the above', '', '', 1, 1, 0, NULL, '2020-06-22 10:40:32', '2020-06-22 10:40:32'),
(28, 1, 40, '&lt;p&gt;From the following, choose the set in which names of Secretary-Generals of the UNO are arranged in correct chronological order?&lt;/p&gt;', 'U Thant, Kurt Waldheim, Dag Hammarskjoeld, Trygve Lie.', 'Trygve Lie, Dag Hammarskjoeld, U Thant, Kurt Waldheim.', 'Trygve Lie, U Thant , Dag Hammarskjoeld, Kurt Waldheim', 'U Thant, Dag Hammarskjoeld, Trygve Lie, Kurt Waldheim.', '', '', 2, 1, 0, NULL, '2020-06-22 10:41:46', '2020-06-22 10:41:46'),
(29, 1, 40, '&lt;p&gt;Fire temple is the place of worship of which of the following religion?&lt;/p&gt;', 'Taoism', 'Judaism', 'Zoroastrianism (Parsi Religion)', 'Shintoism', '', '', 3, 1, 0, NULL, '2020-06-22 10:43:01', '2020-06-22 10:43:01'),
(30, 1, 40, '&lt;p&gt;Film and TV institute of India is located at&lt;/p&gt;', 'Pune (Maharashtra)', 'Rajkot (Gujarat)', 'Pimpri (Maharashtra)', 'Perambur (Tamilnadu)', '', '', 1, 1, 0, NULL, '2020-06-22 10:44:08', '2020-06-22 10:44:08'),
(31, 2, 42, ' ', ' ', ' ', ' ', ' ', ' ', ' ', 4, 1, 0, NULL, '2020-06-28 11:56:51', '2020-06-28 11:56:51');

-- --------------------------------------------------------

--
-- Table structure for table `roles`
--

DROP TABLE IF EXISTS `roles`;
CREATE TABLE IF NOT EXISTS `roles` (
  `id` int(11) NOT NULL AUTO_INCREMENT,
  `role_name` varchar(255) DEFAULT NULL,
  `description` text DEFAULT NULL,
  `status` tinyint(4) NOT NULL DEFAULT 1,
  `created_by` int(11) NOT NULL DEFAULT 0,
  `updated_by` int(11) NOT NULL DEFAULT 0,
  `created_at` timestamp NOT NULL DEFAULT current_timestamp(),
  `updated_at` timestamp NULL DEFAULT NULL,
  PRIMARY KEY (`id`)
) ENGINE=InnoDB AUTO_INCREMENT=6 DEFAULT CHARSET=latin1;

--
-- Dumping data for table `roles`
--

INSERT INTO `roles` (`id`, `role_name`, `description`, `status`, `created_by`, `updated_by`, `created_at`, `updated_at`) VALUES
(1, 'Super Admin', NULL, 1, 0, 0, '2019-01-14 18:30:00', NULL),
(2, 'Admin', NULL, 1, 0, 0, '2019-01-14 18:30:00', NULL),
(3, 'User', NULL, 1, 0, 0, '2019-01-14 18:30:00', NULL),
(4, 'Guest', NULL, 1, 0, 0, '2019-01-14 18:30:00', NULL),
(5, 'Content Manager', NULL, 1, 0, 0, '2019-01-14 18:30:00', NULL);

-- --------------------------------------------------------

--
-- Table structure for table `subjects`
--

DROP TABLE IF EXISTS `subjects`;
CREATE TABLE IF NOT EXISTS `subjects` (
  `id` int(11) NOT NULL AUTO_INCREMENT,
  `name` varchar(255) DEFAULT NULL,
  `description` longtext DEFAULT NULL,
  `language_id` int(11) NOT NULL DEFAULT 0,
  `status` tinyint(4) NOT NULL DEFAULT 1,
  `created_at` timestamp NOT NULL DEFAULT current_timestamp(),
  `updated_at` timestamp NULL DEFAULT NULL,
  PRIMARY KEY (`id`)
) ENGINE=InnoDB AUTO_INCREMENT=43 DEFAULT CHARSET=utf8;

--
-- Dumping data for table `subjects`
--

INSERT INTO `subjects` (`id`, `name`, `description`, `language_id`, `status`, `created_at`, `updated_at`) VALUES
(5, 'Test Subject, Welcome to Online Exam', '&lt;h1&gt;&lt;span style=&quot;color:#ecf0f1&quot;&gt;&lt;strong&gt;&lt;span style=&quot;background-color:#1abc9c&quot;&gt;Test Description&lt;/span&gt;&lt;/strong&gt;&lt;/span&gt;&lt;/h1&gt;\r\n\r\n&lt;p&gt;Welcome to online exam system&lt;/p&gt;', 1, 3, '2019-02-23 02:11:22', '2019-03-31 00:20:37'),
(9, '   - ', '', 2, 2, '2019-03-06 00:07:36', '2019-12-19 07:59:52'),
(10, 'amit', '&lt;p&gt;historical&lt;/p&gt;', 2, 3, '2019-03-19 06:40:13', '2019-03-31 00:20:32'),
(11, '  - ', '', 2, 2, '2019-03-31 00:19:58', '2019-12-27 09:09:31'),
(12, '  - ', '', 2, 2, '2019-04-12 22:16:31', '2019-12-28 15:45:03'),
(13, '  - 4', '', 2, 2, '2019-04-25 03:41:26', '2019-04-30 08:32:26'),
(14, ' ', '', 2, 2, '2019-05-03 13:54:32', '2019-12-28 19:53:36'),
(15, ' ', '', 2, 2, '2019-05-09 11:12:18', '2020-01-11 09:57:05'),
(16, '  - 6', '', 2, 2, '2019-05-10 07:46:48', '2020-02-29 18:56:28'),
(17, '  - 7', '', 2, 2, '2019-05-13 10:54:54', '2019-05-15 13:04:52'),
(18, '  - 9', '', 2, 2, '2019-06-20 12:24:31', '2020-03-13 16:53:26'),
(19, '  - 10', '', 2, 2, '2019-06-24 04:42:44', '2019-07-19 15:42:58'),
(20, '  - 11', '', 2, 2, '2019-07-22 19:12:32', '2019-07-25 20:22:23'),
(21, '  - 12', '', 2, 2, '2019-08-09 19:52:39', '2019-12-21 17:19:18'),
(22, '26-10-2019', '', 2, 2, '2019-10-26 09:58:28', '2019-10-26 13:39:37'),
(23, '27-10-2019', '', 2, 2, '2019-10-26 13:41:51', '2019-10-26 16:50:56'),
(24, '    ', '', 2, 2, '2019-11-05 16:59:04', '2019-12-07 11:35:15'),
(25, ' : -', '', 2, 2, '2019-12-14 10:17:37', '2019-12-19 07:56:41'),
(26, '19-12-2019', '', 2, 2, '2019-12-19 08:22:42', '2019-12-20 10:04:38'),
(27, '', '', 2, 2, '2019-12-21 09:32:05', '2019-12-27 09:08:26'),
(28, '', '', 2, 2, '2020-01-11 10:00:18', '2020-01-17 14:42:25'),
(29, ' ', '', 2, 2, '2020-01-17 14:55:59', '2020-01-25 12:53:30'),
(30, ' - 1', '', 2, 2, '2020-01-25 12:53:44', '2020-01-25 19:00:40'),
(31, ' ', '', 2, 2, '2020-02-01 15:27:57', '2020-02-01 18:48:23'),
(32, ' - 2', '', 2, 2, '2020-02-08 15:05:34', '2020-02-08 18:39:26'),
(33, '', '', 2, 2, '2020-02-15 14:36:49', '2020-03-17 17:24:27'),
(34, ' - ,,,', '', 2, 3, '2020-03-13 15:46:50', '2020-06-22 10:52:11'),
(35, '  :  ', '&lt;p&gt;&amp;nbsp; &amp;nbsp; &amp;nbsp; &amp;nbsp; &amp;nbsp; &amp;nbsp; &amp;nbsp; &amp;nbsp; &amp;nbsp; &amp;nbsp; &amp;nbsp; &amp;nbsp;&amp;nbsp;&lt;/p&gt;', 2, 3, '2020-03-14 14:22:50', '2020-06-22 10:52:06'),
(36, 'English', '', 1, 3, '2020-03-16 09:04:19', '2020-06-22 10:52:01'),
(37, ' :  -  - ', '', 2, 3, '2020-06-09 12:14:22', '2020-06-22 10:51:54'),
(38, ' (--)', '', 2, 3, '2020-06-11 09:11:11', '2020-06-22 10:51:50'),
(39, '  :   ', '', 2, 3, '2020-06-19 12:10:20', '2020-06-22 10:51:45'),
(40, 'General Knowledge', '', 1, 1, '2020-06-22 09:57:04', '2020-06-22 09:57:04'),
(41, 'History', '', 1, 1, '2020-06-26 10:45:02', '2020-06-26 10:45:02'),
(42, ' ', '', 2, 1, '2020-06-28 11:56:28', '2020-06-28 11:56:28');

-- --------------------------------------------------------

--
-- Table structure for table `users`
--

DROP TABLE IF EXISTS `users`;
CREATE TABLE IF NOT EXISTS `users` (
  `id` int(11) NOT NULL AUTO_INCREMENT,
  `timestamp_id` varchar(200) NOT NULL,
  `first_name` varchar(255) DEFAULT NULL,
  `last_name` varchar(255) DEFAULT NULL,
  `email_id` varchar(255) DEFAULT NULL,
  `contact_no` varchar(15) DEFAULT NULL,
  `password` varchar(100) DEFAULT NULL,
  `sex` varchar(60) DEFAULT NULL,
  `role_id` int(11) NOT NULL DEFAULT 0,
  `aadhar_no` varchar(100) DEFAULT NULL,
  `image` varchar(255) DEFAULT NULL,
  `address` text DEFAULT NULL,
  `status` tinyint(4) NOT NULL DEFAULT 1,
  `last_login` timestamp NULL DEFAULT NULL,
  `created_by` int(11) NOT NULL DEFAULT 0,
  `updated_by` int(11) NOT NULL DEFAULT 0,
  `created_at` timestamp NOT NULL DEFAULT current_timestamp(),
  `updated_at` timestamp NULL DEFAULT NULL,
  `remember_token` varchar(200) DEFAULT NULL,
  `link_id` int(11) NOT NULL DEFAULT 0,
  PRIMARY KEY (`id`)
) ENGINE=InnoDB AUTO_INCREMENT=3895 DEFAULT CHARSET=latin1;

--
-- Dumping data for table `users`
--

INSERT INTO `users` (`id`, `timestamp_id`, `first_name`, `last_name`, `email_id`, `contact_no`, `password`, `sex`, `role_id`, `aadhar_no`, `image`, `address`, `status`, `last_login`, `created_by`, `updated_by`, `created_at`, `updated_at`, `remember_token`, `link_id`) VALUES
(1, 'e3a56040f07b19a1585bc0c42b958ed6', 'Arindam', 'Roy', 'arindam@gamil.com', '9999999999', 'e10adc3949ba59abbe56e057f20f883e', 'Male', 1, NULL, 'user_1547631159.png', 'Sonarpur, Kolkata', 1, NULL, 0, 1, '2019-01-15 06:07:54', '2019-07-01 09:06:39', '3bgDAiXdjYhqzmIzZI8day9rzKMO7hGMO8P8PbHDZTTzZ1X2lutKeuuAkIqu', 0),
(3880, '9bd769330bb949fa4897eeaf3128e18b', 'Koushik', 'Admin', 'koushik@gmail.com', '', 'e10adc3949ba59abbe56e057f20f883e', 'Male', 2, NULL, NULL, '', 1, NULL, 1, 3880, '2020-06-21 21:53:43', '2020-06-24 10:21:36', 'OSCUwwRAqnRthHN4wNDx3BQvyVEQCw88n1FiOMk0E7AhvK0KUmz1z9DpcQl1', 0),
(3881, 'bf3deb192e95ea6fbbaf829b799ad21c', 'Satabdi', 'Mukherjee', 'satabdi@gmail.com', '8976543212', 'f01f57dbfa94a1d40db0f295fbfd00dd', NULL, 4, '12345678900987654', NULL, NULL, 3, NULL, 0, 0, '2020-06-22 11:27:06', '2020-06-22 12:11:53', 'cy8C5Ob9eHdBROgcTj4hiUoxBxkRWhKusD4kgYSk8xqgKYXo62eurKCSHn3k', 0),
(3882, '0617df327788db8cd472748ff3f68271', 'koushik sharma', '', 'koushiksharma@gmail.com', '9851272823', NULL, NULL, 0, '', NULL, NULL, 0, NULL, 0, 0, '2020-06-24 16:51:25', '2020-06-24 16:51:25', NULL, 0),
(3883, '683231160f7d2a330617814aae67c788', 'Moumita', '', 'arindam@gamil.com', '9851272823', NULL, NULL, 0, '', NULL, NULL, 0, NULL, 0, 0, '2020-06-24 18:30:54', '2020-06-24 18:30:54', NULL, 0),
(3884, 'b67427f967855654fff1f55b31fb14fc', 'Koushik Sharma', '', 'koushik@gmail.com', '9851272823', NULL, NULL, 0, '', NULL, NULL, 0, NULL, 0, 0, '2020-06-26 10:37:09', '2020-06-26 10:37:09', NULL, 0),
(3885, '5a3d80ce0cbc4c6eb3cc4b0201674e76', 'Arindam Test1', '', 'aaa@yopmail.com', '1212121212', '4429189b760af4296527912f79035e9e', NULL, 0, '', NULL, NULL, 0, NULL, 0, 0, '2020-07-23 14:43:29', '2020-07-23 14:43:29', NULL, 0);
COMMIT;

/*!40101 SET CHARACTER_SET_CLIENT=@OLD_CHARACTER_SET_CLIENT */;
/*!40101 SET CHARACTER_SET_RESULTS=@OLD_CHARACTER_SET_RESULTS */;
/*!40101 SET COLLATION_CONNECTION=@OLD_COLLATION_CONNECTION */;
